"","sample793","sample792","sample755","sample756","sample757","sample758","sample759","sample790","sample791","sample794","sample1700","sample1701","sample1702","sample1703","sample1704","sample1794","sample1795","sample1796","sample1797","sample1798","sample1804","sample1805","sample1806","sample1807","sample696","sample698","sample699","sample771","sample772","sample802","sample804","sample695","sample697","sample770","sample773","sample774","sample800","sample803"
"1CMET2-PWY: N10-formyl-tetrahydrofolate biosynthesis",55.1509,45.9934,53.5759,83.1164,70.2264,54.561,39.3222,53.4578,37.6679,66.1979,84.9286,257.166,131.119,149.087,201.937,54.43,36.3374,82.3564,63.8673,53.4448,41.4719,20.1778,75.0265,25.4662,87.6869,94.0523,50.0877,39.7571,52.2605,170.967,39.8109,46.3866,74.0485,42.4836,34.2988,31.6586,39.9795,59.1765
"ANAEROFRUCAT-PWY: homolactic fermentation",39.3151,28.9666,38.2844,24.9814,26.1475,11.9193,42.9908,50.3904,21.6938,45.8115,50.4633,125.782,62.3537,85.54,83.7185,57.9438,47.6019,73.5345,65.44,40.3108,48.7033,10.1683,64.5188,8.29115,62.8947,60.3212,24.4843,40.0374,43.2585,78.6654,37.6482,54.9026,61.9057,47.6133,40.2214,31.682,43.3312,36.7129
"ANAGLYCOLYSIS-PWY: glycolysis III (from glucose)",141.345,84.0951,130.049,121.14,70.2126,92.8184,68.5706,107.014,46.6279,112.444,75.4202,190.371,100.83,137.584,123.67,108.078,77.2337,113.684,112.463,100.105,124.75,58.9126,114.489,52.824,74.4396,95.9617,89.6917,103.621,68.9538,114.945,88.4146,97.1184,115.253,116.329,69.5128,71.3287,75.002,74.8556
"ARGININE-SYN4-PWY: L-ornithine de novo  biosynthesis",38.1833,21.2123,34.5978,54.3269,52.642,41.1396,28.563,36.2096,26.6848,51.7657,42.1186,179.444,69.6983,94.5589,117.016,31.4092,21.5466,53.4007,44.508,32.283,23.4275,11.3243,66.9049,10.643,72.645,60.3892,35.0293,21.2757,42.726,132.559,38.7965,38.5172,56.607,23.0408,21.3714,23.7835,34.3638,38.2989
"ARGSYN-PWY: L-arginine biosynthesis I (via L-ornithine)",35.1304,78.2278,35.4162,19.961,3.93847,42.3512,25.771,36.073,24.0622,62.6542,120.451,84.7653,105.222,93.1798,125.204,79.1171,27.6506,90.1037,87.1558,86.3651,64.2873,48.2526,50.4355,4.37344,39.5795,50.8468,68.478,70.7557,81.3362,27.9495,23.9762,31.0558,42.1247,52.7765,42.6519,61.4604,36.598,35.3195
"ARGSYNBSUB-PWY: L-arginine biosynthesis II (acetyl cycle)",14.4231,35.9833,5.50096,7.93263,0,3.68759,8.32541,15.2744,5.03081,26.2854,83.6182,39.5443,57.9428,54.5617,64.5327,40.1376,10.9768,51.2349,59.9874,41.7172,29.0348,20.0621,21.3469,1.63089,1.71345,7.66659,33.798,34.9092,40.2321,0.781123,3.64111,12.5068,17.943,23.7215,18.1899,27.6993,0,5.04826
"ARO-PWY: chorismate biosynthesis I",47.0749,62.1112,39.0706,63.607,29.2175,54.9757,85.0141,45.4575,165.633,47.8037,106.676,214.424,134.399,117.506,222.879,92.9301,103.354,92.6437,61.9816,106.101,71.0939,74.1654,81.4899,158.745,128.96,111.01,71.0389,51.5472,94.2964,43.0602,62.6785,88.1844,83.0571,61.3505,57.456,85.2198,51.5471,48.2048
"ASPASN-PWY: superpathway of L-aspartate and L-asparagine biosynthesis",89.0361,43.6657,98.181,101.394,60.0734,75.4832,52.3669,71.8782,40.6413,61.9734,32.7842,104.342,40.0373,65.1085,54.6976,65.437,52.6135,57.0005,48.0082,53.9654,67.2581,47.1865,103.744,51.4028,77.6713,84.6565,47.679,47.5854,43.5417,84.0571,54.6994,60.7129,88.24,69.3142,35.071,34.3698,48.6235,68.7393
"AST-PWY: L-arginine degradation II (AST pathway)",0.195566,0.206226,0.283126,0.443785,0,0,0,0,0.203692,0,0.306268,0.2739,0.359241,0,0.283611,0,0,0,0,0,0,0,0,0,0.191314,0.387631,0.273668,0,0,0,0.353634,0,0.375086,0,0.289317,0,0.180633,0.226184
"BIOTIN-BIOSYNTHESIS-PWY: biotin biosynthesis I",21.4979,9.7309,12.3171,4.74042,0,12.3833,16.0593,10.8841,3.07932,21.9572,8.4942,12.7877,19.3229,11.5936,6.90053,0,0,0,9.20267,0,0,0,0.973437,0,8.74014,8.22661,10.1396,4.33228,9.68049,12.3246,7.47585,4.98346,6.76197,6.53806,6.62582,3.57196,5.12165,1.47354
"BRANCHED-CHAIN-AA-SYN-PWY: superpathway of branched amino acid biosynthesis",162.435,126.345,125.688,94.8563,78.9958,125.94,119.765,134.958,134.413,112.763,101.611,241.794,119.459,109.666,199.309,82.6127,119.19,52.7901,58.2205,91.126,112.409,72.9227,60.4417,192.785,99.055,107.708,60.1287,54.3745,44.8734,30.8524,100.21,74.3129,76.2703,102.302,63.2288,52.198,75.9012,50.5113
"CALVIN-PWY: Calvin-Benson-Bassham cycle",168.623,187.058,183.755,163.004,125.179,163.296,175.053,186.422,167.042,162.425,146.378,246.808,151.992,160.602,183.886,155.271,138.801,147.698,205.897,155.617,150.876,155.242,169.343,171.704,141.986,127.824,134.758,128.215,121.413,119.362,156.107,128.324,142.634,127.985,139.642,146.517,134.106,136.471
"CITRULBIO-PWY: L-citrulline biosynthesis",4.06342,5.94628,5.39671,2.53478,0,6.07312,10.7471,9.89596,4.55664,30.5511,19.6366,21.1494,30.4444,39.1576,28.2592,25.4415,6.20222,39.5654,34.6158,13.7134,9.27132,1.85655,1.42351,1.30061,6.61916,8.85395,4.64464,6.90491,1.13269,20.6626,6.46145,3.94892,4.5655,6.05016,6.78193,6.95988,6.30498,5.57889
"COA-PWY-1: coenzyme A biosynthesis II (mammalian)",49.1629,60.7489,43.0116,56.6273,28.9842,74.7461,77.0996,46.9015,160.564,48.6495,94.3987,220.169,119.569,107.575,192.168,111.692,111.637,91.7556,66.879,102.142,70.7474,54.5228,54.019,121.434,86.7937,93.7439,68.1799,40.827,78.79,59.4662,42.4137,66.1261,59.9055,57.3915,56.3236,69.4585,54.1747,46.6307
"COA-PWY: coenzyme A biosynthesis I",20.0514,21.491,20.3391,15.6407,10.1289,15.0012,15.6097,25.407,9.24285,22.1622,52.3495,157.758,77.2185,55.9556,113.132,12.0805,15.8168,19.2173,23.0228,17.7275,13.4438,3.8072,22.9395,6.27821,29.9976,19.3918,10.014,14.6343,12.7871,46.217,14.4995,17.3552,19.9841,15.2849,11.7904,11.0599,16.0571,14.327
"COLANSYN-PWY: colanic acid building blocks biosynthesis",15.4047,21.6512,18.8583,13.2444,9.32946,14.8567,16.12,17.0548,9.70966,18.731,8.713,22.3786,12.9309,24.3442,26.3526,11.8139,17.3581,15.8417,12.9188,11.0506,12.3762,2.60064,13.7466,0.63172,11.2545,12.284,8.47018,6.72625,11.0758,10.5759,12.6369,8.65275,10.1775,11.1426,10.0149,6.59852,11.3973,9.59185
"COMPLETE-ARO-PWY: superpathway of aromatic amino acid biosynthesis",48.4839,60.4358,38.6641,62.5765,30.8867,55.2081,74.5366,45.1762,145.91,47.7924,104.713,224.732,136.128,115.928,227.278,81.5267,97.5618,84.7156,57.9804,93.5134,60.5404,66.7578,81.6397,115.619,124.57,109.16,64.047,46.8425,78.7746,47.2367,58.1486,85.3311,77.0725,58.2038,54.049,62.7383,54.4078,47.8416
"DAPLYSINESYN-PWY: L-lysine biosynthesis I",17.2081,29.495,24.3043,21.0347,0,9.29492,12.8827,23.5399,10.1564,34.5161,22.5088,28.6426,24.7215,12.1952,27.8809,33.494,14.8307,32.2281,42.2624,29.3779,20.6877,17.8969,28.048,5.1419,4.27441,15.6936,32.8989,36.3015,34.5678,19.6372,16.5982,27.9003,19.5831,34.0192,21.1752,26.9288,17.4349,14.7431
"DENOVOPURINE2-PWY: superpathway of purine nucleotides de novo biosynthesis II",52.5734,78.1923,61.391,71.4918,31.2442,62.9042,78.7756,53.7602,73.3749,67.3653,79.8003,146.62,80.851,90.9793,88.8059,84.2653,80.2829,80.2139,75.6319,78.0911,71.4665,73.5153,64.788,57.1608,65.0297,69.8471,71.7108,77.156,78.898,75.2503,72.4152,62.9242,77.8978,73.1391,71.9179,81.3149,75.0628,67.4368
"DTDPRHAMSYN-PWY: dTDP-L-rhamnose biosynthesis I",137.703,126.428,137.561,119.704,133.91,130.45,140.6,113.1,101.524,140.194,142.461,130.518,144.431,168.769,103.421,124.54,107.102,178.945,168.381,147.446,115.997,95.3184,64.9139,67.6014,81.792,63.2332,82.2317,50.0222,59.8811,133.609,63.1989,75.897,70.3833,50.9124,66.7956,63.9044,96.0211,95.8997
"FAO-PWY: fatty acid &beta;-oxidation I",2.09349,2.25931,1.41872,2.53787,0,1.28501,2.31486,1.72654,1.55078,2.56954,0,1.23012,1.15771,0.553545,1.32338,0,0,0,0,0,0,0,0.630516,0,1.57033,1.56421,1.0809,1.38909,0.713944,1.19965,1.38436,1.80791,0.275001,0.531702,1.66312,1.76302,1.24188,3.1094
"FASYN-ELONG-PWY: fatty acid elongation -- saturated",36.3685,12.1851,15.6132,41.0714,0,14.9093,21.9904,12.4159,17.5472,42.7025,7.82975,11.2208,18.3235,10.6596,6.0329,0,0,0,9.96424,0,0,0,0.884673,0,11.8185,19.3949,16.5001,8.53992,18.2669,15.0462,21.6943,13.3522,8.9893,13.4013,17.2325,15.6933,12.5414,14.6741
"FASYN-INITIAL-PWY: superpathway of fatty acid biosynthesis initiation (E. coli)",24.5406,7.90821,9.95507,26.9609,0,9.78664,14.8334,7.88138,12.0241,28.0804,5.02054,7.11755,12.3757,6.82813,3.82731,0,0,0,6.37414,0,0,0,0.554089,0,7.73514,12.8609,10.7543,5.50636,11.9759,9.50848,14.7058,8.83071,5.74304,8.76523,11.8474,10.4507,8.20894,9.38113
"FOLSYN-PWY: superpathway of tetrahydrofolate biosynthesis and salvage",1.70243,2.34876,5.39956,5.43045,0,4.46423,3.93159,3.57142,0,0,10.0632,6.68447,3.95424,3.46543,3.18719,0,0,5.13566,1.7927,0,5.08732,1.63385,8.2884,0.470392,0,4.36778,3.79858,6.39847,4.52404,4.59797,0,2.78993,7.66097,2.90261,4.28488,0,5.9215,4.66595
"GALACT-GLUCUROCAT-PWY: superpathway of hexuronide and hexuronate degradation",9.70246,8.12233,10.953,9.28293,6.24756,9.04163,7.14803,10.1138,10.8029,7.90221,3.87272,3.37945,3.12842,3.63587,4.56259,5.34344,7.769,5.08196,5.04175,6.56894,3.14696,14.2738,10.3116,6.26953,8.26868,16.3215,6.41282,7.27117,6.03259,4.85444,15.7291,5.35414,11.6827,8.78891,7.00212,8.0424,11.2832,7.39752
"GALACTUROCAT-PWY: D-galacturonate degradation I",29.607,27.5287,18.4984,26.5297,18.17,35.1727,23.6639,27.9782,28.5756,14.5862,3.32243,2.28873,3.008,2.50784,3.96776,19.6596,17.7271,5.17032,6.43411,25.4669,15.4541,25.7069,34.1524,50.6083,31.1902,24.361,9.53772,14.3351,5.97502,3.71596,19.1909,17.8079,16.9237,20.3132,14.9587,19.561,14.6013,7.94113
"GLCMANNANAUT-PWY: superpathway of N-acetylglucosamine, N-acetylmannosamine and N-acetylneuraminate degradation",28.8238,21.0937,23.1425,29.9924,21.9899,20.7222,22.0454,23.4206,15.6961,28.1487,16.6338,42.4002,18.4649,37.6463,42.7308,21.3619,23.8696,20.082,22.8752,28.0479,30.5145,19.4655,29.245,14.2127,38.8551,31.9781,18.811,19.4128,20.9887,57.9139,23.0021,19.6936,33.7671,17.3057,7.49414,16.1221,24.9143,26.6014
"GLUCONEO-PWY: gluconeogenesis I",13.0333,14.0454,3.44419,6.38478,2.31331,5.80389,10.6921,4.96091,2.06582,19.9826,18.6745,26.6106,17.2968,14.2599,24.2027,28.8849,4.91727,24.801,38.3731,22.5876,16.1018,3.73658,10.9559,0.987745,7.25145,15.9995,1.01091,15.5843,9.47569,14.1205,1.00741,4.01642,1.81162,3.27677,19.983,11.1573,14.3178,4.19447
"GLUCUROCAT-PWY: superpathway of &beta;-D-glucuronide and D-glucuronate degradation",6.70966,5.72207,7.51922,6.35544,4.29646,6.25645,4.96779,7.01938,7.72622,5.52655,3.09299,5.35949,3.5458,3.95051,4.2826,3.66055,5.51042,4.08942,3.65371,4.62109,2.1256,10.1381,7.05966,4.28355,5.74683,11.7533,4.56185,5.00232,4.31305,3.36773,11.6557,3.65302,8.10849,6.00805,5.1333,5.60771,8.24308,5.11379
"GLUTORN-PWY: L-ornithine biosynthesis",8.11139,20.3489,8.52355,4.46356,0.83525,10.0979,5.77223,8.46754,5.27248,17.5091,48.7534,23.3539,34.2348,32.901,38.7518,23.2093,6.21588,29.4954,30.1414,23.8835,16.4897,11.4046,12.0675,0.91801,8.98182,12.35,19.0787,19.7749,23.101,6.8806,5.32132,7.08012,10.1633,13.4691,10.292,15.7777,8.60699,8.47688
"GLYCOCAT-PWY: glycogen degradation I (bacterial)",1.4997,0,1.84234,0,0,0,0.917342,0,0.84414,0,0,0,0,0,0,4.29561,0.899607,0,2.09656,0.865965,0,0,2.35401,0,0,0,0,0,0,0,0,0,0,0,0,0,0,1.15846
"GLYCOGENSYNTH-PWY: glycogen biosynthesis I (from ADP-D-Glucose)",27.3216,27.4979,30.7715,26.1725,13.5586,25.3777,22.7258,41.7196,35.0644,22.3443,23.9715,20.7425,15.8523,24.1431,26.6284,14.4202,18.6649,22.4138,15.0629,21.5491,17.0586,24.7642,16.504,30.2877,16.3576,20.4695,13.0562,21.3735,15.9965,7.62497,19.2067,20.3963,9.65547,17.2739,19.8967,17.7103,19.1273,9.82118
"GLYCOLYSIS-E-D: superpathway of glycolysis and Entner-Doudoroff",4.0088,5.34065,3.21973,4.11592,0.962514,3.31575,5.83958,2.52434,1.10437,1.99035,6.25955,3.24909,6.18121,2.87211,4.09587,1.78697,0,0,0,2.16787,4.30448,1.85374,7.9616,0.507101,3.01118,6.30473,0.727873,7.06549,2.67049,2.69087,2.43708,2.85983,2.47319,4.82589,2.36435,6.06624,8.77462,3.82907
"GLYCOLYSIS: glycolysis I (from glucose 6-phosphate)",17.7764,13.4079,18.3727,10.7231,13.4748,4.61622,27.8421,28.4351,11.222,26.309,38.7032,138.081,46.2804,69.6046,66.4069,36.2989,30.3087,63.6163,46.0138,20.3839,25.5428,4.02822,40.8381,3.236,58.4546,42.6655,10.9054,20.618,29.8249,106.622,19.3388,35.3505,39.8521,26.2918,24.8761,16.6762,28.1142,21.0303
"HEME-BIOSYNTHESIS-II: heme biosynthesis I (aerobic)",3.72749,2.95772,5.08844,3.45215,0,1.1915,3.73921,1.17669,1.89758,6.41951,2.93013,3.44847,6.42007,0.512629,1.47597,0,0,0,0,0,0,0,1.20173,0,2.98172,2.15994,2.95747,2.12356,2.6548,1.75284,4.99828,2.79906,0.87445,1.05025,1.80015,2.90172,3.81089,5.38426
"HEMESYN2-PWY: heme biosynthesis II (anaerobic)",8.10007,15.5572,4.08231,4.19737,0,2.76181,5.38736,9.80217,2.0082,14.409,32.9279,16.7197,18.9259,24.2088,21.5237,26.4295,10.1197,27.7989,19.5706,21.3659,14.0526,7.70621,10.2831,4.21876,1.16357,4.70246,17.7831,12.01,18.6457,6.07834,3.55861,9.89996,6.5421,7.27907,7.69564,8.44827,2.38464,2.99555
"HEXITOLDEGSUPER-PWY: superpathway of hexitol degradation (bacteria)",10.1053,7.45458,3.09543,5.052,2.74264,3.8782,8.46391,4.36859,1.79326,14.6568,15.172,24.4594,17.7065,29.6265,22.8528,10.7095,4.44566,11.1517,0,5.8247,0,0.868802,7.02636,0.866269,5.81538,9.48555,0.983369,11.0682,3.46824,13.2978,0.976167,3.75287,1.87013,3.38439,13.5981,4.49543,2.45096,4.912
"HISDEG-PWY: L-histidine degradation I",90.303,68.0856,105.935,109.224,65.5468,62.2309,76.374,86.1376,44.5413,64.9596,67.005,107.979,65.6231,72.0329,59.5752,106.877,82.399,73.7238,87.9833,78.3893,103.735,60.8278,110.999,57.676,69.6873,82.4162,78.4638,81.3518,55.5802,42.0602,83.6424,76.348,103.402,96.9028,48.16,69.3231,59.8357,77.5761
"HISTSYN-PWY: L-histidine biosynthesis",21.7632,38.723,17.7942,38.7957,10.5298,37.8393,39.6481,30.474,81.9283,26.8873,51.457,54.6528,62.2469,45.17,60.1215,76.0277,66.4869,60.4361,33.872,70.936,80.425,82.0065,42.1178,179.42,112.426,38.5626,64.2496,31.8287,101.064,34.3131,35.5067,39.4786,35.3947,33.4556,50.0957,59.6819,46.0887,25.672
"HOMOSER-METSYN-PWY: L-methionine biosynthesis I",25.9198,12.1549,37.8062,40.854,26.1928,23.7363,19.5084,33.0672,21.4974,19.8084,5.17729,11.2254,7.29125,8.646,4.97605,12.6034,0,4.54623,3.46007,1.56094,14.769,11.7842,25.6162,10.3211,13.7321,6.83138,11.6466,20.8615,9.49272,6.58855,14.852,15.2142,10.1409,26.2327,10.3272,16.3071,10.4976,10.2753
"HSERMETANA-PWY: L-methionine biosynthesis III",20.2484,11.5085,25.7666,35.6074,19.5899,28.2216,17.4283,24.2919,27.5852,15.8594,5.44809,21.8119,7.97003,9.18807,6.66867,17.7396,0,5.1663,2.70002,1.59845,32.7607,20.0994,19.7268,37.2154,29.7203,12.8032,19.8819,5.315,10.9832,9.88977,20.0721,21.4287,22.9338,26.0429,11.7727,21.8297,17.4025,16.474
"ILEUSYN-PWY: L-isoleucine biosynthesis I (from threonine)",343.501,393.423,235.501,288.5,200.221,346.076,410.793,287.256,535.28,214.474,189.274,359.029,257.811,238.341,381.476,275.54,418.497,230.891,158.285,387.949,282.596,519.388,342.762,527.03,465.58,347.244,250.445,291.048,282.314,244.815,380.383,356.917,286.934,293.345,295.732,344.546,312.78,250.499
"LACTOSECAT-PWY: lactose and galactose degradation I",22.2152,3.32977,7.15662,3.77179,7.67004,9.16147,6.09249,7.20793,2.69326,12.0749,0,0,0,0,0.720671,0,0,0,0,0,0,0,0,0,0,0,0,0,0,0,0.16243,0,0,0,0,0.94703,0,0
"MET-SAM-PWY: superpathway of S-adenosyl-L-methionine biosynthesis",53.2066,26.3416,68.7793,76.6204,45.315,45.423,40.9034,63.8826,45.2834,40.1963,11.5396,24.108,16.0737,18.9353,11.3322,27.0781,0,10.2229,7.81926,3.60559,25.9614,24.6276,44.0786,17.6231,25.6084,11.3101,23.6311,41.7744,20.7059,11.9673,30.5174,27.5809,16.994,47.5276,22.3339,33.4173,21.8332,20.3815
"METSYN-PWY: L-homoserine and L-methionine biosynthesis",46.371,22.7784,60.6882,67.5164,42.4884,41.6015,35.506,55.8063,39.4766,35.0223,9.94645,21.4258,13.8723,16.3618,9.74919,23.4667,0,8.80731,6.73149,3.09449,27.6054,22.3709,45.4498,19.9107,25.9253,13.1862,21.612,36.3571,17.891,12.3926,27.5563,27.9752,19.1642,44.665,19.3366,29.6508,19.655,19.1816
"NAGLIPASYN-PWY: lipid IVA biosynthesis",3.23979,10.1537,6.59943,2.03451,0,2.34206,1.79898,11.5073,2.7241,8.21718,43.2834,37.2097,24.3332,32.7598,39.1725,20.7753,6.77875,26.1075,37.2233,22.3236,17.909,11.8444,14.9297,3.77439,1.53306,6.3203,22.5178,15.5306,22.1398,0.608595,5.81097,8.52223,6.48465,11.2592,8.69753,12.092,0.292849,1.43457
"NONMEVIPP-PWY: methylerythritol phosphate pathway I",110.352,90.1256,97.5587,122.497,84.4943,103.033,119.52,95.9401,196.653,83.6621,97.1409,244.085,132.799,134.076,216.487,132.765,137.429,103.315,76.9914,135.453,101.91,113.228,122.359,192.02,170.59,143.53,86.2257,85.1721,120.213,122.318,106.492,117.653,121.34,97.4485,78.007,100.489,76.6533,74.0032
"NONOXIPENT-PWY: pentose phosphate pathway (non-oxidative branch)",76.9619,80.4218,80.2437,84.2142,64.4706,93.1511,91.1184,80.1675,90.2606,61.6718,64.705,152.312,86.4458,89.9109,103.302,88.772,73.5173,103.312,83.0367,74.0557,78.2567,67.2272,79.4347,90.1457,87.682,73.6911,59.9638,59.0666,49.0133,82.8037,74.5661,68.0348,82.4805,77.8747,73.5896,66.0096,48.1497,44.5143
"OANTIGEN-PWY: O-antigen building blocks biosynthesis (E. coli)",11.0689,7.06668,13.6298,15.0461,8.70792,8.05683,12.4292,7.47173,7.07694,9.45484,23.5116,16.654,17.6425,12.3627,17.1929,4.32694,2.78387,12.0121,5.3948,6.01196,11.3848,7.14916,17.1789,2.84973,11.5212,15.7769,11.0304,14.3262,11.0731,20.8918,22.8024,11.6579,14.2028,15.1045,17.265,9.59299,19.6671,19.4409
"P108-PWY: pyruvate fermentation to propanoate I",4.21338,10.7381,0,0,0,0,0,5.94193,0,8.04877,16.9955,22.3832,21.0815,4.40969,30.8144,0,0,0,0,0,0,0,2.15219,0,0,0.172191,0.482409,0.446479,0.400054,0.441712,0,0,0.459719,0,0,0,0,0.830016
"P161-PWY: acetylene degradation",2.41593,4.15751,2.00346,1.64191,0.812197,2.18946,2.79794,2.04644,1.64998,2.07329,0,2.03003,1.89526,1.55727,1.12676,0.351439,1.11742,0.815671,0,1.69775,0.566052,2.01236,3.48826,1.96992,2.27778,1.74356,0.449926,2.26463,0.766245,0,0.71863,1.16154,2.02914,1.17091,1.41974,1.21844,0,1.05997
"P162-PWY: L-glutamate degradation V (via hydroxyglutarate)",10.7468,13.7534,6.15186,7.21832,6.17995,16.214,11.0009,6.19484,10.1371,4.00958,0.661367,1.93959,5.25126,1.74622,4.67137,4.23665,13.5968,2.77165,1.4534,11.086,7.81412,9.07318,8.1311,13.7049,17.9004,11.9391,4.29472,7.38526,5.68247,2.59461,11.2915,11.907,10.1145,11.1961,8.7406,9.7364,10.7915,8.22076
"P4-PWY: superpathway of L-lysine, L-threonine and L-methionine biosynthesis I",8.63681,8.34004,4.83918,7.12717,0,4.22669,7.80908,6.00517,5.67858,4.94771,2.82617,0,5.79358,1.37974,4.93945,0,0,1.06939,0,0,0,0,4.64626,0,6.592,1.32007,12.0373,8.05013,7.07607,2.98381,5.90026,0,3.22378,6.44832,9.43953,0,2.99428,5.35141
"P42-PWY: incomplete reductive TCA cycle",14.6467,19.5358,11.1625,15.9467,2.74327,13.1089,17.3177,17.7213,6.74671,5.98535,5.88637,14.8055,14.1728,4.03156,14.3862,17.1514,20.7042,6.88659,2.64984,20.724,14.3596,22.0516,17.655,5.12442,13.4032,24.8211,10.9158,21.1708,11.5335,5.28824,20.145,20.2857,17.0572,21.5714,16.9427,20.6642,16.31,8.98181
"P441-PWY: superpathway of N-acetylneuraminate degradation",6.61914,8.95927,2.87554,4.39192,1.89225,4.12762,7.46663,3.86556,1.83348,6.8804,0,7.1322,6.64139,5.92798,4.6795,1.56628,3.29818,3.34106,0,6.2853,2.22713,3.1416,8.11453,0.971629,5.65624,5.79272,0.827259,7.10594,2.80184,0,0.912136,3.05787,1.78153,2.74656,4.94972,4.47338,0,3.12431
"P461-PWY: hexitol fermentation to lactate, formate, ethanol and acetate",6.19947,7.40954,1.73618,3.37889,1.54219,2.98829,6.08213,2.48173,1.0561,4.36539,0,4.45506,4.51047,3.65482,2.53983,0.853405,2.44897,1.71823,0,3.78375,1.1464,2.12668,6.28541,0.506117,4.36118,3.52771,0.516603,4.56145,1.59398,0,0.514339,2.29253,0.975298,1.93514,3.17697,2.91871,0,2.22731
"PANTO-PWY: phosphopantothenate biosynthesis I",148.446,119.333,104.474,155.923,112.554,146.313,116.044,121.669,146.24,101.945,126.456,277.167,139.402,162.123,231.145,154.959,114.218,121.852,102.47,125.312,169.948,175.873,183.782,219.513,194.66,184.628,122.333,133.83,115.031,173.481,133.819,177.112,178.735,159.378,103.453,137.203,137.854,117.828
"PANTOSYN-PWY: pantothenate and coenzyme A biosynthesis I",36.268,36.6174,36.3925,31.3025,20.2566,29.1561,28.6173,41.4472,18.8843,39.8931,75.9707,209.591,102.667,86.4823,156.386,24.5138,29.3698,36.1064,40.5376,33.4444,26.2236,8.15928,42.686,13.2189,54.8613,36.844,20.0746,26.2246,24.8153,78.4792,27.2223,31.8655,37.6191,28.0966,21.5785,20.6592,29.9617,27.2761
"PENTOSE-P-PWY: pentose phosphate pathway",3.34134,2.58097,2.76124,9.53067,0.754718,4.21277,1.29063,2.41735,0,1.45513,11.5742,2.99667,4.78849,5.10148,3.26522,1.25024,0,9.7734,2.02261,1.54454,5.18505,1.93205,12.2987,0.484062,2.37867,5.23664,5.5145,7.23754,2.00272,2.67906,3.32328,4.11203,2.34767,9.57308,4.34324,4.5911,7.86471,10.0832
"PEPTIDOGLYCANSYN-PWY: peptidoglycan biosynthesis I (meso-diaminopimelate containing)",110.714,97.4296,97.231,124.581,96.5718,100.051,117.191,99.3591,208.869,95.9537,114.043,252.98,148.267,160.795,270.563,115.645,130.519,113.914,90.6423,115.831,137.309,128.127,155.724,194.568,192.818,202.479,110.77,95.7947,133.215,167.28,106.993,149.412,162.729,136.3,84.6448,114.362,90.2224,104.332
"PHOSLIPSYN-PWY: superpathway of phospholipid biosynthesis I (bacteria)",14.2072,15.1937,10.2856,11.443,0,8.63495,7.26454,5.12171,0,14.8593,24.4619,11.9614,13.6591,18.363,21.4898,3.13809,18.5356,14.1718,0,21.0623,15.5191,2.3416,11.4793,4.14831,3.30191,18.665,16.3334,17.5513,25.0955,0,9.06946,24.9699,23.7665,14.248,19.2287,14.0314,1.46198,7.39429
"POLYISOPRENSYN-PWY: polyisoprenoid biosynthesis (E. coli)",0.755739,0.703175,1.26103,1.30713,0,1.42733,1.2403,1.30525,0,1.07016,0.567397,1.4142,1.43964,0,0.761411,1.16379,0,0,0.849383,0.748914,0,0,0,0,0.877521,2.23682,1.6516,0,0,1.31943,1.75201,1.71088,0.446226,1.10825,1.01262,0,0.865556,1.4497
"PPGPPMET-PWY: ppGpp biosynthesis",31.7011,20.6372,41.8659,49.3093,20.8716,35.8023,32.7685,26.926,29.196,22.5121,3.35316,5.06092,2.30586,1.19962,3.0418,36.2035,26.0586,0.128092,9.60467,18.9227,62.2884,40.2769,51.3928,46.0886,40.6344,36.1355,20.3048,39.7901,14.0638,15.0588,29.2632,39.9804,51.5736,53.7572,17.1416,32.3952,26.863,34.1341
"PWY-101: photosynthesis light reactions",3.58824,2.69946,2.48927,4.53967,0,2.95578,3.83668,1.42136,1.28655,3.51095,0.53516,1.11613,4.06577,1.2823,2.56517,0,0,0,0,0,0,0,0,0,1.30325,1.9598,2.42618,1.58817,3.14881,2.22387,1.24761,1.18734,1.98921,1.13065,2.82693,1.09344,3.21723,2.92422
"PWY-1042: glycolysis IV (plant cytosol)",275.422,239.251,318.129,296.121,210.547,235.7,223.915,308.553,213.939,269.667,231.911,353.584,246.785,231.973,285.257,225.767,171.85,233.377,275.136,206.099,263.207,236.514,303.681,230.047,184.789,214.655,215.077,253.884,232.831,228.687,225.862,251.666,259.311,271.843,222.313,242.896,250.365,243.272
"PWY-1269: CMP-3-deoxy-D-manno-octulosonate biosynthesis I",80.3569,52.9137,96.7548,99.5758,54.9117,58.7367,41.5656,69.5193,37.4008,55.9391,63.2903,216.455,84.4905,93.084,143.268,103.569,62.1722,63.2504,64.9705,61.5814,93.1992,51.2149,102.404,55.6518,74.6049,67.9097,38.4439,64.7394,47.4704,86.1072,56.8541,66.4518,77.5342,69.4574,32.2964,45.0384,61.6236,66.2301
"PWY-241: C4 photosynthetic carbon assimilation cycle, NADP-ME type",2.57199,2.53627,5.07338,5.67806,0.278892,0.681984,2.64132,0.721698,1.50922,0.93724,0,1.18018,2.04247,0,0,0,0,0.999947,1.04003,0.407279,3.19908,0.39844,3.50416,2.05985,1.82528,2.76665,3.1984,3.90221,2.11415,4.37063,1.78912,3.22853,3.84753,2.37081,6.16174,2.5619,3.63365,3.36644
"PWY-2941: L-lysine biosynthesis II",45.9089,21.7937,31.2681,37.5401,26.6767,43.5412,29.5842,26.2197,24.8872,31.0997,23.1854,32.9865,23.403,28.9518,37.5906,14.9259,35.2531,9.5537,9.07517,30.8089,27.8219,24.1066,62.8761,55.4186,60.5148,39.4902,45.9775,38.3355,14.9768,21.6403,33.126,32.0818,42.0626,35.2544,22.8554,16.362,26.4089,29.5604
"PWY-2942: L-lysine biosynthesis III",198.582,189.925,162.96,184.605,145.435,166.611,192.934,175.082,236.445,152.148,137.242,291.269,165.118,180.882,262.381,170.67,175.641,147.173,138.017,175.906,161.529,185.2,187.624,248.056,235.85,201.23,142.455,123.968,150.027,199.498,165.994,168.823,168.827,136.709,123.348,143.697,171.111,132.645
"PWY-3001: superpathway of L-isoleucine biosynthesis I",70.9996,51.9254,65.0233,62.9344,58.393,67.9551,53.5058,66.4039,54.4891,76.3166,54.5622,137.28,61.6318,85.4385,103.167,50.4201,49.5874,45.47,52.8875,51.9573,60.245,40.533,63.937,115.736,69.7557,69.9342,49.5156,41.3548,41.6142,36.8605,59.2221,49.0342,58.7506,49.5466,47.3262,37.4978,49.1751,45.8553
"PWY-3661: glycine betaine degradation I",0.279699,1.38126,0.349707,1.78424,0,0.732251,0,2.12838,0.302633,2.15842,1.85319,0.221617,4.54543,0.450563,0.408265,0,0,0,0,0,0,0,0,0,0.245414,0.511351,1.39717,0.279559,0.907222,0,1.9314,0.952182,0,0,0.875642,0,1.36011,0.310801
"PWY-3781: aerobic respiration I (cytochrome c)",17.2192,15.7001,43.4441,47.9824,26.6144,23.7087,24.0178,42.2362,8.24013,33.1914,15.9313,44.5918,19.6444,15.8491,17.2426,31.4588,5.89916,48.6099,15.9973,4.05647,10.9878,12.2441,13.1283,11.8151,30.6835,19.7729,29.1511,16.5697,17.4416,16.9231,32.9635,26.5649,24.4509,14.6996,28.246,34.7696,20.8743,34.105
"PWY-3841: folate transformations II",64.1289,55.4382,65.1899,99.4172,89.0981,69.2483,54.3173,68.1666,39.6838,93.1094,106.753,284.235,154.628,178.034,227.272,67.8034,43.0953,96.7024,87.076,64.8426,48.1444,21.8021,90.2296,20.6706,99.3067,109.601,61.2118,47.6316,63.5902,211.947,61.8458,53.751,90.3343,42.0326,42.2202,40.7738,56.9952,76.6937
"PWY-4242: pantothenate and coenzyme A biosynthesis III",16.8184,22.1394,18.3764,11.9988,9.84857,14.4141,14.2855,25.9134,9.26742,22.0855,47.2701,158.136,70.9151,55.0506,114.172,12.0937,15.6558,17.85,23.1192,17.3672,10.8054,3.83867,21.115,5.76079,30.9149,17.197,6.20083,9.87711,11.4208,49.1443,14.1941,16.5876,18.1323,11.6404,10.3852,9.54519,14.5963,12.3247
"PWY-4702: phytate degradation I",1.20364,3.55955,0,0,0,0,0,0.812174,0,3.12121,21.917,110.558,41.0542,24.7116,69.1233,0,0,0.260769,0,0,0,0,0,0,0,0,0,0.119825,0,0,0.0645066,0.172008,0,0,0,0.149759,0,0.195882
"PWY-4981: L-proline biosynthesis II (from arginine)",33.338,37.0813,33.0703,28.5958,25.5068,31.5364,29.3513,20.4388,35.4987,18.0539,6.19342,8.74603,13.0848,4.72172,14.3569,34.0409,42.1513,11.3908,9.50893,31.5017,24.4674,18.6083,25.4039,34.4676,44.9705,27.8015,18.5705,23.0391,7.11132,6.3303,35.4585,11.6314,28.5874,30.1447,19.0571,17.2,24.4083,14.1475
"PWY-4984: urea cycle",3.43533,5.05876,4.62155,2.13573,0,5.21268,9.50289,8.59938,3.86017,29.1212,17.2498,18.1124,27.0932,36.0239,24.5693,23.2031,5.28291,41.6811,33.9285,12.247,7.97047,1.55594,1.19075,1.08663,5.62099,7.58234,3.92419,5.91082,0.94699,18.3512,5.48326,3.33007,3.85242,5.13863,5.79405,5.92842,5.34767,4.74303
"PWY-5030: L-histidine degradation III",32.0842,18.2987,37.9863,48.0683,26.8838,23.3541,28.8933,28.5839,14.0861,31.3127,25.1362,14.8818,18.0333,1.29955,13.7443,39.9348,26.1188,21.7147,42.7374,29.1635,31.7897,13.423,49.5768,13.2391,25.8668,35.7085,26.8034,31.7173,25.9002,25.7543,31.9716,30.0251,45.2379,30.0819,19.7117,23.7324,28.7551,35.6564
"PWY-5083: NAD/NADH phosphorylation and dephosphorylation",2.93295,1.5996,2.75311,0.396099,0,1.94648,3.49748,3.30178,0.355529,3.73137,3.20281,2.14051,3.06766,2.57089,0.248675,0,0,0.918142,0,0,0,0,0.748068,0,1.78758,1.33203,2.70756,2.55982,0.860865,2.31485,3.14553,3.14311,2.8787,3.9625,2.59901,3.00398,1.60924,3.75726
"PWY-5097: L-lysine biosynthesis VI",128.789,132.484,93.0857,120.517,92.373,120.187,145.648,103.798,210.962,94.9842,110.872,265.422,133.074,144.32,221.935,119.777,151.345,108.09,90.4432,140.154,103.795,153.822,138.253,195.143,192.853,163.284,100.786,93.0826,101.674,157.653,126.991,142.366,130.005,109.205,98.7003,115.799,100.33,89.84
"PWY-5100: pyruvate fermentation to acetate and lactate II",51.1938,51.809,47.1457,40.3537,25.916,44.4175,36.4802,60.6801,23.981,37.4642,38.9498,72.8678,56.1389,45.4801,87.5465,36.8135,39.8984,26.2867,29.2569,31.0126,23.9113,29.0311,18.9893,56.2207,32.1715,26.4852,10.4696,17.2491,8.02722,7.10268,21.5784,16.8302,13.8806,17.6497,16.2689,17.4341,14.5161,8.60534
"PWY-5101: L-isoleucine biosynthesis II",30.1661,6.12263,25.2501,41.0352,45.7765,32.2783,11.5893,18.5636,15.3021,41.6886,17.9291,81.8226,23.1536,53.0106,84.0374,9.22909,2.83465,15.3118,17.6358,3.48181,15.4687,7.07022,35.3244,8.89375,33.8071,46.5762,23.9006,7.11455,19.1051,22.3617,19.218,20.7871,37.8549,13.2853,5.54448,8.11173,14.5861,27.9191
"PWY-5103: L-isoleucine biosynthesis III",136.447,102.368,105.346,76.8237,64.2813,103.556,96.6791,111.976,108.305,93.6222,84.6288,214.233,99.0633,90.5413,170.614,66.2419,96.7794,41.4079,46.2428,72.614,92.8372,57.0778,47.3966,160.793,78.787,87.8752,47.5158,42.6649,34.8683,23.7394,80.3472,59.0388,61.1444,84.2234,49.8071,40.721,60.2922,39.5473
"PWY-5104: L-isoleucine biosynthesis IV",13.4361,18.4993,9.93031,15.3921,14.5798,16.3374,17.4769,17.5581,26.7897,8.3411,4.82629,11.7403,12.7029,2.99853,12.1343,14.2421,32.9225,5.20618,1.9118,19.0654,12.4143,29.559,14.1495,39.1419,33.4111,29.4892,8.64694,18.0992,9.04519,3.86897,21.5643,18.5484,13.5844,20.5469,17.5655,18.131,16.4747,7.41653
"PWY-5121: superpathway of geranylgeranyl diphosphate biosynthesis II (via MEP)",0.766992,5.20005,11.3106,11.96,2.25001,10.2345,4.37422,7.84535,1.32731,8.79865,12.295,7.92988,8.77021,3.17455,5.91616,1.92793,1.47887,3.06104,1.58885,1.34833,5.90229,2.09011,11.9901,4.34147,7.47741,6.81238,4.80846,7.30476,2.85261,2.76951,8.4829,5.40237,6.2338,8.73052,6.47928,6.1038,4.80606,6.39349
"PWY-5136: fatty acid &beta;-oxidation II (peroxisome)",1.86081,2.02919,1.35874,1.93573,0,1.10902,2.14096,1.51633,1.33784,2.355,0,1.09706,0.998985,0.569327,1.18196,0,0,0,0,0,0,0,0.533732,0,1.38715,1.3847,0.824821,1.32113,0.639432,1.17158,1.21949,1.66882,0.127241,0.453616,1.44656,1.55848,1.15926,2.93675
"PWY-5154: L-arginine biosynthesis III (via N-acetyl-L-citrulline)",14.1112,33.9787,15.2163,7.89015,1.48552,17.2473,9.98084,15.0387,8.96758,32.0615,74.6323,38.6672,52.2101,53.9755,60.5435,36.2785,10.3209,47.3755,60.7038,36.0537,27.1296,17.8793,20.4948,1.60818,15.1996,20.9607,32.0252,30.3339,36.8638,12.615,9.12817,12.032,17.4236,21.4798,16.9363,24.8307,14.6541,14.8813
"PWY-5177: glutaryl-CoA degradation",6.22815,7.40376,2.84324,4.20718,2.41191,8.19871,5.60222,7.17978,10.784,5.16927,1.99886,5.37062,7.68386,0.90173,5.25094,4.6246,6.75685,1.38933,0.653687,5.63018,3.34417,12.9809,7.04762,14.4613,6.77393,6.09248,2.94849,2.98359,2.64196,1.96086,6.44516,4.79072,3.05265,5.41615,7.74562,6.73854,3.03091,4.52948
"PWY-5188: tetrapyrrole biosynthesis I (from glutamate)",13.8375,32.6397,8.86264,16.1974,8.13927,24.0405,22.922,11.5258,41.1931,17.2973,65.1556,131.089,70.2482,50.4991,91.7358,60.1763,40.6837,48.4921,27.5456,56.8678,64.9438,62.3423,34.429,142.447,95.1841,15.1049,48.3509,21.2101,77.7289,5.49787,21.7738,26.4894,35.8856,25.1389,28.5155,39.2094,31.6996,18.1319
"PWY-5189: tetrapyrrole biosynthesis II (from glycine)",0.341932,2.40815,0.818188,1.78705,0,0.926338,1.98871,1.35019,1.05855,6.67107,1.51651,0.596612,5.79151,1.53481,0.948243,0,0,0,0,0,0,0,0,0,0.915683,1.58543,0,1.19985,1.40772,0.95361,3.1781,0.972773,0.37477,1.2859,1.75116,0,1.3124,2.73005
"PWY-5304: superpathway of sulfur oxidation (Acidianus ambivalens)",3.92447,3.5439,3.71692,3.99514,0,3.8104,7.30095,6.02097,4.01778,7.78621,2.98042,3.69465,5.33799,4.50264,3.7156,0.545299,0.52698,0,0,0,0,0,0,0,2.78453,5.49281,3.88756,5.84321,5.20911,4.53772,6.4256,5.05319,3.21073,4.33838,3.30295,8.21557,4.26684,4.83674
"PWY-5345: superpathway of L-methionine biosynthesis (by sulfhydrylation)",9.94932,15.5508,2.80067,4.70747,0,1.77354,4.56797,11.2076,5.01026,13.4235,3.91977,3.40689,5.46085,6.38121,2.96484,0,0,0.441401,0,0,0,0,5.77696,0,6.83493,5.65962,4.09907,4.39747,6.02536,2.27572,4.2161,3.35762,1.87742,4.11441,6.46423,0,6.27479,3.79195
"PWY-5347: superpathway of L-methionine biosynthesis (transsulfuration)",40.9995,23.4307,52.5915,52.8017,39.103,36.2054,34.1506,52.6023,32.1768,35.3831,11.0112,24.1581,15.333,18.2427,10.914,23.1286,0,9.97538,7.69318,3.5552,26.0873,20.9842,40.6162,17.2524,25.6849,14.1751,21.8343,34.4656,18.9962,13.9025,26.3652,26.3717,19.6871,37.881,19.8095,26.2511,19.7688,19.7751
"PWY-5384: sucrose degradation IV (sucrose phosphorylase)",0.700594,1.29424,2.08538,2.38443,0,0.780386,0,0,0,0.695179,0,0,2.85485,1.17108,0,0,0,2.0092,0.687665,0.333333,0,0,2.057,0,1.39182,2.46851,0,0,0,1.49296,1.75872,0,1.14626,0,0,1.04455,0,1.92781
"PWY-5484: glycolysis II (from fructose 6-phosphate)",17.1217,12.5752,17.2481,10.2469,12.2478,4.51166,23.1978,25.2328,9.76209,24.5882,37.2673,112.37,41.2197,64.8328,60.2678,33.4797,25.7604,58.1221,43.4226,19.3533,23.4767,3.87032,34.7052,3.10158,41.0611,35.8745,10.6964,19.5923,26.8172,79.9311,17.9393,30.5938,35.0431,24.1398,22.5354,15.1212,23.7148,18.4994
"PWY-5659: GDP-mannose biosynthesis",13.1556,19.7458,22.2291,11.5414,15.7121,12.3143,17.1336,16.6439,6.85292,17.9668,30.7243,132.962,49.3085,48.6846,54.642,13.572,24.4947,12.3057,17.0701,16.1222,9.93232,4.59987,15.2364,3.05589,26.1063,12.2705,7.97926,6.40015,9.99556,51.5459,12.7748,6.59795,12.2606,10.0933,10.3514,5.24362,8.71394,9.17892
"PWY-5667: CDP-diacylglycerol biosynthesis I",82.2126,68.5779,49.0214,82.2914,65.5913,80.1399,84.6114,55.8936,156.374,58.3207,46.8721,125.52,71.878,97.1239,158.521,105.362,107.423,87.5111,50.0559,110.371,79.0477,84.1779,77.7876,143.203,147.957,125.485,74.6524,56.8835,110.362,135.246,103.926,81.9473,107.638,74.7422,71.0379,86.1427,75.8548,72.4677
"PWY-5676: acetyl-CoA fermentation to butanoate II",19.267,23.5644,0,23.0631,7.43645,31.5395,8.25068,20.0633,0,12.68,0,2.59955,6.48044,2.19978,7.04005,0,12.7226,0,0,0,0,13.3441,16.9182,29.591,5.36082,7.41301,0,12.9002,0,0,12.1835,0,6.73276,5.94431,6.71443,10.282,8.8382,4.07787
"PWY-5686: UMP biosynthesis",267.142,157.296,217.325,285.972,170.736,232.783,230.466,176.305,340.717,180.449,174.465,320.137,221.834,232.051,336.719,221.715,238.619,167.823,138.514,213.032,278.87,274.545,308.066,383.662,343.99,300.256,176.626,197.603,209.056,254.508,211.438,258.03,277.996,267.314,160.055,225.444,175.842,206.671
"PWY-5690: TCA cycle II (plants and fungi)",1.99658,19.6875,5.47802,14.5521,2.39041,13.8422,10.7231,9.27453,6.04157,0,0,0.201797,0,1.82515,0,0,5.31848,0,0,0,0,0,18.5657,4.6758,11.8603,8.41792,1.59592,7.94551,0,0,11.0855,10.2216,8.35525,2.66463,5.42881,6.21053,0,5.87318
"PWY-5695: urate biosynthesis/inosine 5'-phosphate degradation",168.333,89.742,195.808,230.261,138.994,150.662,107.989,148.405,120.676,132.359,98.0587,203.337,96.5186,146.251,160.665,154.448,96.3424,138.601,119.252,108.538,216.028,170.138,240.242,237.835,201.244,165.721,144.037,124.221,161.659,204.1,124.031,147.673,204.237,184.64,91.3649,134.882,136.197,155.498
"PWY-5723: Rubisco shunt",1.67346,2.66338,4.29053,7.80723,0,5.71247,5.10095,5.87575,3.90024,5.43321,3.45444,3.72041,7.2549,2.76433,1.45485,0,0,0,0,0,0,3.47691,0,0,4.36176,7.12662,0,6.86544,2.90294,5.77918,4.18875,3.81245,5.71977,3.35655,3.10379,5.63605,6.18418,1.10366
"PWY-5747: 2-methylcitrate cycle II",0.586586,0.293106,0,0.818718,0,0,0.806249,0,0,1.26082,0.506666,1.01758,2.22758,0.482729,0.324665,0,0,0,0,0,0,0,0,0,0.181549,0,0,0,0.666345,0.556159,1.33936,1.07293,0,0,0.476816,1.55794,0.50067,0.644241
"PWY-5910: superpathway of geranylgeranyldiphosphate biosynthesis I (via mevalonate)",0.241976,0.709459,3.2769,1.74633,0,0.853066,0,1.04709,0,0.599649,0,0.429976,0.515313,0.595506,0,0,0,0,0.636751,0,2.22282,0.504112,3.07679,0,0,0,1.86252,1.98993,0.921307,0.695035,2.5289,1.42021,2.21064,1.91959,1.45005,1.20988,1.25487,2.37111
"PWY-5913: TCA cycle VI (obligate autotrophs)",2.0354,2.03233,4.09621,4.72799,0.233991,0.544172,2.19545,0.579151,1.19962,0.755048,0,0.970815,1.87535,0,0,0,0,0.837157,0.847102,0.328006,2.63048,0.323311,2.97566,1.66442,1.5325,2.29503,2.78919,3.61403,1.99262,4.27485,1.48977,2.98039,3.92495,2.24712,5.77312,2.44451,3.2691,7.76437
"PWY-5918: superpathay of heme biosynthesis from glutamate",1.93758,2.81058,1.74035,3.28518,0,1.62581,3.67429,0,2.02847,2.60039,2.63454,0,2.24569,1.08966,0,0,0,0,0,0,0,0,0,0,0,1.31539,0,2.2395,0,0,1.93021,1.99783,0,1.81757,0.967889,0,2.2397,4.89147
"PWY-5920: superpathway of heme biosynthesis from glycine",0.554822,1.87013,0,0.748038,0,0.523073,1.21152,0,0,2.03304,1.58163,0,1.6856,0.764615,0,0,0,0,0,0,0,0,0,0,0,0.92828,0,0,0,0,1.41744,0,0,0,0.704826,0,1.3616,0
"PWY-5941: glycogen degradation II (eukaryotic)",8.329,8.66231,12.0226,10.015,10.1739,10.9726,10.8877,6.77086,6.46149,8.51833,10.6005,22.2205,14.8728,16.391,17.5834,8.16857,6.69131,14.6268,8.7207,8.17974,5.20438,5.09989,4.7767,5.90356,5.18037,6.31246,12.6414,7.22277,8.38406,7.45582,5.71497,7.45961,9.57636,8.56317,9.77262,9.72831,6.47357,7.78599
"PWY-5973: cis-vaccenate biosynthesis",164.887,126.491,185.021,189.345,159.768,122.623,117.924,193.271,92.4117,193.141,123.712,235.976,114.59,160.111,173.2,121.021,69.0487,152.524,178.553,108.17,110.257,72.7666,143.913,50.5689,121.601,142.161,131.629,107.567,117.021,200.999,118.675,98.6782,137.706,109.156,85.3711,97.9238,107.221,142.592
"PWY-5989: stearate biosynthesis II (bacteria and plants)",27.6712,9.03771,11.7806,31.2878,0,11.2816,16.4525,9.27723,13.052,30.7957,5.72653,8.41233,13.2694,7.89257,4.46841,0,0,0,7.34884,0,0,0,0.664034,0,8.94736,14.6718,12.2828,6.45315,13.3475,11.289,16.3373,10.2205,6.7927,10.2637,12.7123,11.9148,9.43782,11.0121
"PWY-6121: 5-aminoimidazole ribonucleotide biosynthesis I",271.582,239.363,256.021,267.334,183.715,230.39,237.65,270.259,294.081,199.03,134.359,283.51,172.759,160.645,274.321,192.562,196.288,149.7,154.015,182.775,242.824,203.732,261.72,274.099,284.321,264.759,176.164,213.728,163.714,183.926,200.402,223.56,225.689,234.942,183.562,178.464,204.127,198.233
"PWY-6122: 5-aminoimidazole ribonucleotide biosynthesis II",313.247,284.896,277.571,294.627,207.432,288.653,308.822,276.144,396.239,209.967,139.549,287.959,183.986,165.397,276.768,247.693,312.656,167.887,171.78,265.39,282.293,340.129,351.406,427.445,384.58,315.877,190.469,228.841,192.531,184.18,295.39,302.029,285.505,269.248,212.337,255.619,236.553,206.164
"PWY-6123: inosine-5'-phosphate biosynthesis I",57.8212,70.1122,59.2559,65.6505,41.3145,53.3479,65.5456,72.3934,51.2066,57.165,55.2184,144.327,61.8846,74.6504,73.7194,53.082,60.2951,68.646,55.4695,52.7095,32.5427,42.2114,54.0508,31.7907,68.1994,52.6128,38.399,48.9176,40.7632,80.4648,56.0408,59.9167,46.1739,40.4096,43.1973,51.1363,41.1947,41.0061
"PWY-6124: inosine-5'-phosphate biosynthesis II",49.7123,61.184,51.1578,56.478,35.5793,45.8424,56.7389,62.7039,43.8799,49.7999,46.3772,128.452,54.7913,65.9868,64.0604,45.9703,52.38,60.3974,49.2967,45.4976,23.068,36.1615,46.4315,26.9578,59.1083,45.3464,30.9468,42.5008,35.4547,71.7937,48.83,52.0206,39.6936,34.6758,37.6929,44.7301,35.664,35.609
"PWY-6125: superpathway of guanosine nucleotides de novo biosynthesis II",35.729,59.9346,43.7391,55.9165,20.8286,49.6042,63.1794,36.4611,67.6232,54.4861,109.44,137.604,102.011,91.1505,106.938,105.257,71.9887,86.6912,69.2486,77.8839,99.988,80.4174,51.653,69.7511,62.9675,59.1709,90.8425,72.4932,109.369,60.0779,60.709,50.1649,80.2624,76.8947,73.1571,82.1036,85.6113,67.0705
"PWY-6126: superpathway of adenosine nucleotides de novo biosynthesis II",126.901,133.214,149.855,137.807,84.0809,111.157,117.434,142.814,87.8786,112.472,122.682,157.287,117.025,112.256,126.688,128.779,93.6672,106.831,112.283,101.34,127.705,100.544,74.5966,75.5002,71.3578,95.1018,113.438,125.171,130.102,95.7354,90.3382,70.7365,110.572,122.885,102.282,111.605,108.745,94.2963
"PWY-6147: 6-hydroxymethyl-dihydropterin diphosphate biosynthesis I",2.21517,1.11127,9.07407,5.15266,0,1.60001,3.00551,1.63756,0.742101,0,8.30812,2.67904,2.10518,2.35013,2.28101,0,0,1.64071,0.833039,2.53771,1.71618,1.25943,3.20403,1.18095,0,1.03799,2.35315,2.71717,2.4292,1.6622,0,4.5998,3.3997,0.615076,4.01595,0,7.357,2.45931
"PWY-6151: S-adenosyl-L-methionine cycle I",159.382,102.991,86.4233,135.562,102.818,109.847,95.6112,96.1843,175.136,94.8677,64.4083,138.778,68.7979,104.369,173.558,74.3859,108.448,70.8573,51.0237,95.5532,108.342,106.302,143.573,176.16,184.626,162.126,74.7556,86.4197,92.1563,156.952,131.743,143.298,133.233,98.1798,81.232,95.7329,101.373,87.512
"PWY-6163: chorismate biosynthesis from 3-dehydroquinate",38.7757,52.7343,34.119,58.9783,24.1117,48.7181,79.8539,40.8218,161.04,43.9172,100.46,208.198,128.416,116.747,219.008,92.9177,96.9273,94.8018,59.7943,103.511,68.891,63.6017,71.4383,159.819,121.483,111.141,68.4669,44.5784,97.6787,39.9179,52.4768,81.3385,76.5387,55.3509,52.1945,77.8986,43.4947,44.2388
"PWY-6168: flavin biosynthesis III (fungi)",62.5616,46.1883,54.5421,69.9797,51.4893,56.1576,54.6635,54.0448,61.3383,54.0561,31.8532,77.8769,36.9439,40.0411,42.4595,74.243,60.0008,27.2117,46.5928,61.1909,58.8305,47.71,70.4204,35.0923,82.9745,71.9442,46.225,44.1228,39.9209,86.3634,51.1569,54.3459,74.5959,59.2414,32.5143,58.0941,43.3065,47.3194
"PWY-621: sucrose degradation III (sucrose invertase)",1.16145,1.4849,1.39839,2.26818,0,2.09603,0,0,0,3.96268,0,0,2.0418,0.896109,0,0,0.693643,3.66939,1.83565,5.08018,0,0,1.85853,0,2.01867,1.31965,0,0,0,1.26698,1.06524,0,0.544583,0,0,0.527016,0,1.18724
"PWY-6270: isoprene biosynthesis I",56.9799,12.8038,26.2441,33.7685,16.2047,36.1127,10.4925,36.4839,10.8836,39.4035,30.1552,49.3333,14.9399,53.126,30.4289,16.0838,5.37604,0,3.89561,4.19474,14.1008,7.81717,26.7442,10.3611,28.9046,33.7885,28.8639,23.1401,13.7398,42.847,25.852,15.4255,46.9631,23.5124,4.52925,12.337,15.8432,35.1479
"PWY-6277: superpathway of 5-aminoimidazole ribonucleotide biosynthesis",313.247,284.896,277.571,294.627,207.432,288.653,308.822,276.144,396.239,209.967,139.549,287.959,183.986,165.397,276.768,247.693,312.656,167.887,171.78,265.39,282.293,340.129,351.406,427.445,384.58,315.877,190.469,228.841,192.531,184.18,295.39,302.029,285.505,269.248,212.337,255.619,236.553,206.164
"PWY-6282: palmitoleate biosynthesis I (from (5Z)-dodec-5-enoate)",28.7666,9.35854,11.9426,32.384,0,11.503,17.2513,9.4588,13.7648,33.8761,5.97015,8.51627,14.3152,8.13363,4.56521,0,0,0,7.58341,0,0,0,0.664431,0,9.06667,15.0221,12.7728,6.52678,14.2426,11.5033,17.0228,10.3376,6.8451,10.3376,13.5763,12.2322,9.67757,11.2891
"PWY-6305: putrescine biosynthesis IV",33.0621,12.112,25.0415,20.4249,13.2102,17.8778,15.8667,20.0908,6.79975,18.5638,7.16415,7.74419,10.8525,5.97346,4.95604,14.9958,17.0291,0,9.95775,15.0343,0,0,0.212783,0,23.6444,5.54012,3.36141,5.99621,2.78058,4.8297,3.99853,5.82097,1.89551,4.56235,8.75946,7.42934,4.59661,5.60038
"PWY-6317: galactose degradation I (Leloir pathway)",65.3935,56.8806,58.2086,62.0403,41.1119,73.7597,92.9295,48.7175,121.645,34.8674,24.2316,30.2145,32.5178,33.886,43.1943,39.9889,74.4123,34.9872,13.7394,56.8712,39.6476,86.9009,63.8631,86.147,61.5831,71.626,44.1911,49.8807,29.448,20.1652,67.2587,60.2137,64.1673,56.3861,67.3762,70.3771,37.1479,50.7379
"PWY-6353: purine nucleotides degradation II (aerobic)",2.28005,0.799579,4.59571,1.29815,0,1.04206,0,0,1.19373,3.89413,0.968695,0,7.01139,0,0,0.653167,1.30373,0,0,0,1.40986,0,0.545582,0,3.46605,2.41284,2.70788,0,0,1.57201,0,0,2.50264,0,0,0,0,2.26955
"PWY-6385: peptidoglycan biosynthesis III (mycobacteria)",65.649,60.9495,61.7851,76.3288,58.8656,52.5988,53.1387,60.0411,34.6492,64.54,102.967,254.493,146.649,136.93,252.886,55.9272,69.0247,58.1232,40.8537,57.356,56.7328,26.2726,48.7756,34.3577,41.1921,63.4957,45.4967,19.169,27.3712,83.3943,39.1899,33.0123,47.4736,15.3666,17.3614,23.8411,31.6316,36.1916
"PWY-6386: UDP-N-acetylmuramoyl-pentapeptide biosynthesis II (lysine-containing)",99.8907,87.2571,84.7833,112.637,89.6279,91.0811,107.822,87.9642,205.704,89.6981,113.449,251.047,151.034,160.801,277.726,105.975,124.509,108.505,86.4332,111.323,126.338,119.591,141.655,186.369,185.589,202.28,106.819,86.377,128.384,164.749,94.4925,139.512,150.172,124.475,80.376,104.686,80.3703,96.0906
"PWY-6387: UDP-N-acetylmuramoyl-pentapeptide biosynthesis I (meso-diaminopimelate containing)",98.9149,89.072,86.9729,112.381,90.2183,90.7122,107.998,89.7564,205.216,91.085,114.584,249.59,150.553,161.909,277.74,105.386,123.261,107.935,90.4374,109.01,125.849,115.943,142.536,180.399,183.154,201.808,106.537,87.4016,126.93,165.114,96.3794,140.95,152.537,126.564,80.2653,104.256,80.3053,95.9754
"PWY-6507: 4-deoxy-L-threo-hex-4-enopyranuronate degradation",12.7733,19.3757,10.4643,15.697,9.49029,20.8139,12.2797,7.36998,16.1377,0,1.91795,1.60572,2.44801,0.975406,2.94989,2.6845,4.76648,0,0,3.77633,2.11201,10.8022,15.7878,35.1007,21.6049,10.1459,1.35884,4.24694,2.52758,0,12.0483,10.3317,7.16566,7.27473,0,4.42346,7.38692,4.45785
"PWY-6519: 8-amino-7-oxononanoate biosynthesis I",22.6414,8.22002,11.78,3.87307,0,10.6249,14.4716,9.74719,2.44861,23.8213,6.97623,10.2407,16.1154,9.52669,5.5024,0,0,0,7.72952,0,0,0,0.773964,0,7.05062,6.96779,8.52323,3.79319,7.92433,10.9498,6.32933,4.08496,5.63549,5.50555,5.56697,2.91104,4.17375,1.17529
"PWY-6527: stachyose degradation",39.4941,40.2484,35.0796,38.4491,22.1937,34.9352,56.8617,25.9316,33.6863,25.2011,24.1504,29.1576,32.3923,35.9836,41.1742,30.3591,44.8799,33.4564,12.343,34.8731,19.1569,42.4013,34.8902,48.8459,40.6802,40.713,38.5601,33.2086,22.9538,19.0152,42.4652,26.6733,40.4844,30.1652,40.842,37.7324,23.9176,30.5716
"PWY-6545: pyrimidine deoxyribonucleotides de novo biosynthesis III",18.0986,27.1438,23.0252,28.0784,13.0615,28.7498,37.9139,18.0781,46.0213,25.2699,33.6078,98.1746,52.9679,60.6545,64.4869,68.5901,42.8724,49.1987,41.7345,48.7109,56.4161,46.5143,26.2258,36.2773,36.3588,25.724,51.6843,17.7608,72.8379,26.2383,33.4005,25.5516,37.5751,34.4934,46.4973,45.2661,48.908,29.69
"PWY-6595: superpathway of guanosine nucleotides degradation (plants)",1.17775,2.65924,7.39125,4.93698,1.28952,4.08843,5.16379,4.81996,0,0.768782,3.78286,4.89057,4.66445,1.36196,2.17798,1.59719,2.81632,2.68085,0,3.05895,3.16406,2.32257,8.07916,1.32521,1.82701,2.76925,2.35355,5.36713,2.22933,1.45061,2.95482,1.53024,1.23978,3.49714,6.2995,2.19251,3.61635,3.50248
"PWY-6606: guanosine nucleotides degradation II",1.38863,3.03533,7.66363,5.3697,1.50081,4.69485,5.76451,5.24305,0,1.57627,3.38619,5.24557,4.99714,1.19092,2.47832,1.85391,3.31359,2.35351,0,3.52001,3.63048,2.72324,9.24453,1.57957,2.17409,3.23085,2.72403,6.04931,2.41969,1.29675,3.42249,1.78843,1.44609,3.96405,6.86331,2.5236,4.05159,3.84883
"PWY-6608: guanosine nucleotides degradation III",13.5697,10.8264,10.8129,9.64191,8.45058,18.7623,14.4307,9.5385,17.0285,7.72594,3.82995,8.28883,7.97644,1.31151,8.07951,9.58332,31.2939,2.60077,0,14.8688,13.9893,20.448,34.2763,40.3434,45.1243,20.0247,13.101,17.3768,4.24982,1.46774,17.1582,11.7118,8.70274,12.1442,13.0667,10.5579,10.4199,7.72221
"PWY-6609: adenine and adenosine salvage III",55.8149,49.3202,80.4125,67.7248,43.003,46.9622,48.0091,67.982,40.6934,61.6705,37.7469,137.892,58.1473,57.0354,51.8451,35.2269,28.4057,67.8573,36.6412,38.0912,51.8311,20.8308,55.7819,22.8035,53.9394,53.4435,32.727,57.6016,26.1134,69.9783,49.8178,44.7841,46.0314,44.8401,19.0096,30.4863,39.128,42.2932
"PWY-6612: superpathway of tetrahydrofolate biosynthesis",1.15111,1.60332,3.75695,3.71599,0,3.08194,2.72646,2.44898,0,0,7.04495,4.50492,2.67042,2.33433,2.13842,0,0,3.51162,1.20979,0,3.60286,1.14065,5.78926,0.318203,0,2.97338,2.62495,4.60386,3.15757,3.09975,0,1.91774,5.35457,2.00548,3.04425,0,4.17259,3.22021
"PWY-6628: superpathway of L-phenylalanine biosynthesis",6.3346,2.69425,10.706,8.4101,0,9.92346,4.46512,10.143,0,1.97284,6.12677,8.10809,5.1549,5.42563,4.04374,3.44617,2.65796,4.8075,2.61739,0,0,0,0,1.79964,3.81151,10.5053,1.60776,8.99544,6.81955,6.40132,10.75,2.97785,6.49871,0,10.6311,8.37301,10.7988,8.16992
"PWY-6700: queuosine biosynthesis",381.701,351.51,447.399,380.419,336.146,348.317,311.009,435.851,277.921,444.343,357.899,425.817,335.381,355.747,355.493,379.287,306.356,353.894,483.415,332.079,394.492,345.196,438.344,359.808,312.229,303.097,355.075,382.173,347.594,446.62,342.838,339.674,399.294,377.085,317.183,336.848,378.594,412.673
"PWY-6703: preQ0 biosynthesis",73.4952,56.2612,76.8375,114.57,78.4455,94.1999,66.9282,56.1182,82.6638,82.9357,67.6323,248.893,98.2566,116.417,180.263,92.6535,62.1876,102.546,85.7946,66.9408,64.4805,13.8236,57.7359,19.2421,74.8562,71.0895,40.1848,22.2501,33.0085,163.43,33.23,34.7579,57.4539,12.6778,12.0645,17.8316,29.4015,40.438
"PWY-6737: starch degradation V",111.294,88.3772,54.3077,80.5786,62.427,80.4085,99.6411,97.3844,205.943,35.2357,73.2653,200.842,142.934,89.4823,273.949,54.2012,101.166,43.1152,27.1918,89.3057,88.2021,78.2404,116.776,150.899,155.217,206.06,64.9021,69.2059,74.8331,46.1993,109.186,125.444,128.288,95.4044,91.0151,91.315,94.3311,72.2556
"PWY-6785: hydrogen production VIII",1.24526,2.42844,1.7869,3.44551,0,2.17904,1.85002,0,1.30211,3.38363,0,0,0.894838,0.807935,0,0,0,0,0,0,0,0,0,0,1.17635,1.19451,1.5077,1.19915,1.54308,0,1.15549,0,0.752801,1.08631,2.22511,0.818727,1.91168,1.26137
"PWY-6859: all-trans-farnesol biosynthesis",0.280145,1.6653,3.69543,4.63719,0.832291,3.65706,1.1767,3.00946,0,2.75687,4.46695,2.81603,2.56266,1.0897,2.18941,0.707603,0.54148,0,0.585452,0.493429,2.22842,0.769074,4.65001,1.60176,2.37868,2.55438,1.81287,2.80962,1.05322,1.02182,2.95942,2.02363,2.34345,3.03627,1.0004,2.07972,1.82029,2.46016
"PWY-6897: thiamin salvage II",0.690602,4.45398,10.4399,3.75887,0,6.30879,7.5677,4.46502,0,1.91732,11.9734,10.9542,7.40776,11.3806,5.398,8.3903,0.79551,9.23454,1.01788,1.56516,8.18851,3.80244,9.61164,0,5.77505,5.44279,1.47035,5.76206,3.79511,3.14507,4.87396,3.2036,2.09902,0.757688,6.46394,0.853729,5.49355,5.7392
"PWY-6901: superpathway of glucose and xylose degradation",5.2902,4.31913,2.61915,5.59396,1.19577,4.26887,2.32025,3.24472,0,2.6968,16.6686,5.5396,8.57215,9.14034,6.11395,2.40015,0,16.4615,3.87157,2.92116,8.0172,2.64582,10.1285,0.653009,3.7136,8.17467,0.981146,10.6519,3.49817,4.7373,0.952614,3.58268,1.61334,3.45824,7.38885,7.40539,11.1989,5.11479
"PWY-6936: seleno-amino acid biosynthesis",0.620336,3.00713,5.40692,2.00967,1.34168,3.1169,3.5732,2.18111,0.983396,3.142,7.16533,4.18789,8.70573,2.84968,2.85567,0.846701,0,1.21367,0.306355,0.236765,1.48448,1.40319,4.93764,1.95779,3.33075,4.30542,2.70536,2.44896,2.90772,2.19665,1.32714,2.5444,3.76599,5.94339,2.06919,1.02722,4.94425,2.72362
"PWY-7111: pyruvate fermentation to isobutanol (engineered)",343.501,393.423,235.501,288.5,200.221,346.076,410.793,287.256,535.28,214.474,189.274,359.029,257.811,238.341,381.476,275.54,418.497,230.891,158.285,387.949,282.596,519.388,342.762,527.03,465.58,347.244,250.445,291.048,282.314,244.815,380.383,356.917,286.934,293.345,295.732,344.546,312.78,250.499
"PWY-7115: C4 photosynthetic carbon assimilation cycle, NAD-ME type",2.00095,1.27289,1.89235,0.681755,0,0,0.860277,0.835045,0,1.10798,0,0.920644,0.48995,0,0,0,0,0,0,0,0,0,0.634033,0,0.242378,2.08917,1.12112,1.76858,1.30782,0,0,1.00765,1.68169,0.595023,2.31332,0,2.62964,2.0336
"PWY-7117: C4 photosynthetic carbon assimilation cycle, PEPCK type",3.07928,3.06909,6.2345,7.2641,0.351292,0.818446,3.31418,0.869787,1.81494,1.13462,0,1.45457,2.81833,0,0,0,0,1.25703,1.27218,0.492352,4.01211,0.486124,4.51379,2.55512,2.30948,3.46944,4.24109,5.48858,3.00818,6.45603,2.25052,4.54968,5.99222,3.40946,8.8292,3.73286,4.9994,12.0832
"PWY-7184: pyrimidine deoxyribonucleotides de novo biosynthesis I",24.4955,41.3671,28.5193,35.263,15.4759,33.2658,46.4531,23.1321,52.2028,36.8524,81.7249,112.692,79.5387,72.0486,86.2293,83.6319,49.9489,65.378,51.1314,61.6959,62.6863,50.8285,32.4392,36.6685,37.9221,35.1108,67.9802,44.8743,83.4541,42.6433,40.5204,29.4867,53.9321,41.8702,56.8156,59.4589,56.4954,35.8356
"PWY-7187: pyrimidine deoxyribonucleotides de novo biosynthesis II",39.2313,49.2221,39.0212,46.6661,22.4179,46.4551,60.6843,31.3976,78.0256,43.3041,65.703,122.418,66.8546,68.8261,75.915,75.3936,62.9305,62.0407,58.6001,68.4093,88.3728,69.9491,53.325,136.376,99.6413,47.1197,71.4096,48.6552,84.2925,35.5533,54.5709,44.559,67.0373,47.048,62.2427,64.6857,68.919,45.2097
"PWY-7197: pyrimidine deoxyribonucleotide phosphorylation",16.0491,30.1977,18.1031,23.5604,8.72369,23.4097,35.621,14.4461,54.1791,24.0159,63.6222,125.407,69.7156,52.5758,87.6183,79.4395,45.5873,51.7342,34.9258,50.9875,57.9827,51.8474,26.4645,121.789,70.1293,25.6729,56.6601,33.3483,72.5789,17.071,33.4202,24.1367,44.6876,30.2833,45.7449,52.4896,49.1661,24.8539
"PWY-7198: pyrimidine deoxyribonucleotides de novo biosynthesis IV",16.4469,18.6243,14.3535,16.606,12.7999,9.30137,23.5374,17.4504,5.83065,19.6864,29.9265,108.071,52.2311,64.0712,64.8316,38.3176,32.4939,49.0235,41.9761,39.3173,20.5609,1.81979,18.5278,4.50553,31.9002,24.9863,19.0742,15.7413,39.9181,24.823,14.061,14.0024,37.5844,18.2702,24.3433,17.1326,25.7607,21.2515
"PWY-7199: pyrimidine deoxyribonucleosides salvage",81.5836,34.3403,120.419,130.702,62.2775,87.2351,44.8246,70.19,45.8917,40.1296,2.90897,0,0,1.01942,1.78315,65.5678,32.369,1.96184,4.39464,8.68775,73.3352,59.5048,121.628,84.8005,42.0532,54.4196,23.4431,62.731,12.5092,24.7028,32.257,62.7337,74.2557,93.4264,19.7655,49.9719,38.9349,62.0861
"PWY-7208: superpathway of pyrimidine nucleobases salvage",25.9127,52.4363,31.9507,43.4867,14.1803,40.6275,56.7715,25.8642,85.4785,44.5332,104.469,179.223,113.878,89.3204,135.225,118.386,84.4096,82.3263,53.5566,83.9627,122.724,127.867,48.6964,213.874,133.896,53.9798,98.2187,73.6288,125.062,51.6471,59.6957,54.0703,82.8728,78.605,84.661,89.2713,111.497,70.701
"PWY-7210: pyrimidine deoxyribonucleotides biosynthesis from CTP",18.0667,20.5305,15.3455,17.8063,15.4443,11.1749,25.4513,18.5107,7.81143,20.4389,34.8266,102.214,53.1548,58.0922,63.9999,43.0897,33.1479,47.0874,40.5219,39.6575,24.4563,2.54606,18.9737,6.09245,33.5075,24.6971,23.2008,18.5162,44.3149,25.4484,16.3654,15.2026,37.13,20.5956,27.3818,20.8335,28.7426,21.9289
"PWY-7211: superpathway of pyrimidine deoxyribonucleotides de novo biosynthesis",11.7269,30.5776,7.59831,11.1259,0,6.81327,10.9,15.8628,6.61507,30.431,54.0639,141.958,78.8537,81.5026,98.4475,41.9285,18.0773,45.9246,52.4988,41.7313,21.9434,4.28102,25.7476,3.08135,1.75301,24.6875,32.0954,24.9709,46.1412,3.77634,7.24659,20.585,17.6954,25.5416,16.4705,28.2323,9.3451,1.13373
"PWY-7219: adenosine ribonucleotides de novo biosynthesis",500.957,453.81,481.705,507.053,336.185,473.619,461.238,478.693,497.974,398.149,230.424,452.426,273.653,317.563,396.022,344.835,388.363,276.208,313.732,357.576,424.346,505.744,501.325,600.081,491.833,400.657,297.743,324.894,334.779,311.117,402.017,399.9,397.042,412.107,323.761,384.793,374.601,319.817
"PWY-7220: adenosine deoxyribonucleotides de novo biosynthesis II",65.7366,70.9103,81.2142,72.0632,43.5302,56.8874,60.3114,77.1624,42.4404,60.9057,80.5654,84.6624,69.8055,62.645,66.9241,71.8374,47.7721,60.1637,63.4965,52.9295,67.1239,49.3467,35.3309,35.0677,33.5046,48.0116,63.9556,69.8825,73.9758,49.8486,44.9168,33.9397,57.0873,64.359,54.0422,57.9998,57.0612,49.7483
"PWY-7221: guanosine ribonucleotides de novo biosynthesis",114.442,99.9331,124.912,174.136,130.848,132.239,143.328,103.547,185.689,121.405,186.361,350.716,187.843,210.988,281.785,177.808,156.015,172.891,177.223,165.313,188.948,171.062,184.522,312.977,256.559,181.461,159.818,99.6272,176.274,221.428,157.545,125.834,194.93,123.335,105.583,167.921,148.291,110.92
"PWY-7222: guanosine deoxyribonucleotides de novo biosynthesis II",65.7366,70.9103,81.2142,72.0632,43.5302,56.8874,60.3114,77.1624,42.4404,60.9057,80.5654,84.6624,69.8055,62.645,66.9241,71.8374,47.7721,60.1637,63.4965,52.9295,67.1239,49.3467,35.3309,35.0677,33.5046,48.0116,63.9556,69.8825,73.9758,49.8486,44.9168,33.9397,57.0873,64.359,54.0422,57.9998,57.0612,49.7483
"PWY-7228: superpathway of guanosine nucleotides de novo biosynthesis I",32.8671,58.1769,40.7574,52.5898,19.1717,46.9553,63.2923,33.5835,81.0527,54.6022,119.348,193.702,118.371,100.061,137.801,125.845,80.8536,93.9558,72.7585,84.8574,117.913,114.646,47.217,209.019,131.475,56.4657,98.9784,72.742,142.115,59.0386,58.9931,50.9835,80.9044,76.7118,78.4158,88.0321,105.958,65.4815
"PWY-7229: superpathway of adenosine nucleotides de novo biosynthesis I",153.745,156.97,177.072,168.877,99.7709,138.651,140.397,168.121,119.161,137.456,138.347,195.617,134.562,131.796,155.571,153.022,123.043,123.362,137.231,120.232,190.591,158.699,108.371,246.461,186.872,124.008,130.801,144.586,157.77,118.881,117.901,109.176,137.749,149.751,121.781,132.131,147.667,120.094
"PWY-7234: inosine-5'-phosphate biosynthesis III",45.2761,32.6238,51.2896,48.9865,26.3916,28.5296,31.8155,40.3316,12.0802,45.1194,53.9318,49.0604,43.4808,52.3371,41.7305,32.5627,19.7514,52.276,48.9239,27.4598,30.9834,26.8572,41.4484,22.0188,15.7688,34.2927,37.233,33.2186,26.4051,28.5593,25.13,29.9925,29.8118,29.8724,22.8824,28.2066,23.0801,20.3539
"PWY-7242: D-fructuronate degradation",12.6689,19.1914,10.3551,15.4609,9.40507,20.5691,12.2388,7.32888,16.1454,4.4811,2.10816,3.62162,2.44341,2.68572,2.94787,2.67736,4.76445,2.8139,2.66355,3.77434,2.11171,10.8179,15.6474,35.5838,21.5619,10.1362,3.28305,4.2453,3.71649,2.46338,12.0694,10.3423,7.14697,7.26183,4.2761,4.42505,7.37478,4.42994
"PWY-724: superpathway of L-lysine, L-threonine and L-methionine biosynthesis II",77.2644,54.6493,62.4638,94.8959,65.1427,81.0174,56.018,61.1309,65.6099,71.8318,56.5671,143.199,66.4582,92.5279,153.354,60.1821,58.8755,52.9521,57.6048,55.5654,73.7694,53.927,107.462,118.004,132.758,112.514,68.0708,46.0779,56.9179,103.41,85.9245,69.8626,90.2016,54.9544,52.5593,50.8739,58.1804,63.2557
"PWY-7279: aerobic respiration II (cytochrome c) (yeast)",0.69952,4.67748,4.36861,6.03568,0,6.27984,8.0352,6.08425,0,7.02191,3.55421,1.84618,5.88186,2.91187,3.89838,0,0,0,0,0,0,0,0.605358,0,4.62966,5.66597,5.10229,4.55624,2.24309,0.835573,7.61317,0.402667,0.4326,2.37668,0,8.39183,4.07709,5.51294
"PWY-7282: 4-amino-2-methyl-5-phosphomethylpyrimidine biosynthesis (yeast)",0.553206,3.80537,2.9205,2.59479,0,3.88697,5.2026,3.89843,0,1.69775,10.3667,9.77292,6.64822,9.97897,4.83653,6.58473,0.654481,7.40752,0.862702,1.12784,0,0,0,0,3.13215,2.79532,0,3.80192,2.00067,2.27878,3.25476,2.27705,1.5103,0.652604,3.17734,0.725942,3.80194,4.12505
"PWY-7323: superpathway of GDP-mannose-derived O-antigen building blocks biosynthesis",11.6974,18.3255,16.6643,9.96973,7.631,11.2114,12.9011,12.6527,6.48748,16.0413,5.89608,18.776,10.1448,21.1653,22.465,9.37821,14.7988,12.3813,10.6384,7.90292,9.52712,1.61705,11.4303,0.381675,8.58713,9.62765,6.24616,4.57775,8.44404,16.5662,9.8646,6.13573,8.98237,8.42798,7.24029,4.49522,8.60224,8.48807
"PWY-7357: thiamin formation from pyrithiamine and oxythiamine (yeast)",0.613465,3.94529,8.83069,3.30408,0,5.55241,6.66875,3.89951,0,1.68023,10.6793,9.85936,6.64129,10.0895,4.83513,7.55723,0.710884,8.09764,0.901897,1.39503,7.44806,3.414,8.6394,0,5.21666,4.82971,1.30623,5.13914,3.33627,2.66465,4.3574,2.83533,1.8653,0.672556,5.82381,0.758246,4.84792,4.98571
"PWY-7383: anaerobic energy metabolism (invertebrates, cytosol)",19.8148,28.6881,7.05755,18.4444,1.53029,19.2244,32.6989,25.9657,22.1365,11.2439,50.8867,154.07,70.3304,53.7662,82.0433,6.79452,22.1357,4.96345,0,15.2374,35.3468,11.6446,47.8704,27.4089,50.2797,21.7608,7.11583,5.97681,6.77323,5.53769,23.6646,13.7832,20.1282,5.70756,9.16207,21.3445,10.4716,10.0429
"PWY-7388: octanoyl-[acyl-carrier protein] biosynthesis (mitochondria, yeast)",22.7519,7.35419,9.28744,25.1799,0,9.06876,13.7379,7.35852,11.0298,26.4161,4.68338,6.65539,11.4532,6.38322,3.56995,0,0,0,5.94197,0,0,0,0.517017,0,7.17492,11.9241,10.0806,5.11886,11.2513,8.95987,13.6426,8.17716,5.35124,8.12302,10.937,9.7052,7.64494,8.80201
"PWY-7392: taxadiene biosynthesis (engineered)",0.561461,3.78175,8.15967,9.75379,1.70345,7.71856,2.80046,6.16053,0,5.95787,10.1404,6.3059,6.44828,2.57741,4.93264,1.44942,1.15579,0,1.29054,1.06835,4.83007,1.63706,9.84631,3.56341,5.29128,5.30079,3.71594,5.85575,2.21007,2.08535,6.44596,4.3606,4.406,6.57036,2.62611,4.84039,3.85454,4.63231
"PWY-7400: L-arginine biosynthesis IV (archaebacteria)",39.8352,86.3565,39.5928,22.8311,4.56929,47.6497,29.5211,40.5198,27.7307,67.3476,123.82,93.6652,112.392,98.5934,135.633,85.7139,31.6594,95.4989,88.8384,94.4347,71.2945,54.6047,56.7823,5.09256,45.2395,57.1666,74.4428,76.9529,88.5179,31.0637,27.507,35.4209,47.3624,58.5956,47.9344,68.2158,41.3862,39.605
"PWY-7539: 6-hydroxymethyl-dihydropterin diphosphate biosynthesis III (Chlamydia)",2.1785,1.10453,8.61589,4.95353,0,1.57498,2.93342,1.62177,0.736186,0,8.19335,2.67062,2.09653,2.34131,2.26173,0,0,1.63518,0.831466,2.50632,1.679,1.2317,3.11751,1.11307,0,1.03036,2.31709,2.64634,2.39266,1.65769,0,4.38032,3.33578,0.611655,3.88588,0,6.97064,2.43027
"PWY-7560: methylerythritol phosphate pathway II",51.5833,11.3067,23.4055,30.2046,14.4202,32.3986,9.99174,32.6412,12.3532,36.0616,27.4668,44.2811,13.2572,49.3814,27.1203,14.2447,4.72069,0,3.42596,3.68158,12.4437,6.86781,23.7625,9.10427,25.6444,30.2768,25.9748,20.6342,12.183,39.5457,23.0225,13.6391,42.4912,20.9218,3.98163,10.8973,14.0681,31.9138
"PWY-7663: gondoate biosynthesis (anaerobic)",143.597,108.593,162.312,168.986,145.552,106.443,101.782,168.556,78.1709,170.719,106.911,223.47,99.9733,145.862,154.976,103.638,57.8887,134.755,154.781,92.1208,94.1518,60.9082,125.169,41.5659,106.371,127.803,116.317,91.2744,100.366,194.35,102.441,84.2483,121.199,92.7762,72.3346,83.5642,91.3517,125.074
"PWY-7664: oleate biosynthesis IV (anaerobic)",32.8363,10.8039,13.8199,37.03,0,13.2731,19.7569,10.9587,15.7994,38.4694,6.90587,9.88189,16.3926,9.40956,5.30537,0,0,0,8.77782,0,0,0,0.774763,0,10.4914,17.3038,14.6935,7.55764,16.3436,13.2973,19.511,11.9193,7.93819,11.9386,15.538,14.0611,11.1661,13.0264
"PWY-841: superpathway of purine nucleotides de novo biosynthesis I",49.4958,79.9096,58.4389,72.3718,29.4314,63.6617,82.5939,51.9192,79.6975,69.7526,91.9004,172.159,100.822,102.911,119.737,96.7617,84.6372,96.1018,79.0383,85.2563,63.7031,76.3827,64.1111,56.9179,65.7077,71.1182,73.1227,78.7269,83.8219,78.5121,73.8322,63.0545,80.2642,74.6873,75.2091,86.0734,77.5514,67.9234
"PWY-922: mevalonate pathway I",0.258064,0.563491,3.05258,1.38794,0,0.64661,0,0.836579,0,0.45199,0,0.318166,0.377095,0.519366,0,0,0,0,0.64605,0,2.18582,0.448794,2.6716,0,0,0,2.23792,1.81105,0.923449,0.660211,2.40822,1.26727,2.60607,1.65677,1.21324,0.991148,1.13175,2.66452
"PWY0-1061: superpathway of L-alanine biosynthesis",2.54334,1.46877,2.07105,0.700688,0,0,0.938266,1.52571,0,2.06967,1.63557,1.16683,0.519627,0,0.975523,0,0,0,0,0,0,0,0.661058,0,0.251013,2.59755,1.21615,1.93034,1.49499,0,0,1.08117,1.83606,0.630672,2.47936,0,3.12273,2.09041
"PWY0-1261: anhydromuropeptides recycling",7.17525,5.86338,5.4615,8.35136,0,3.36979,5.09439,6.07818,0,9.91561,19.4333,25.524,21.6185,18.5964,21.4744,6.2968,3.36978,17.4341,9.2665,8.13959,7.73632,3.94283,10.5098,4.69276,0,10.9949,11.4919,9.04758,9.968,0,8.92742,9.07534,11.3798,9.96349,9.91644,7.19219,10.8773,2.14687
"PWY0-1296: purine ribonucleosides degradation",129.294,99.1351,55.5524,75.9338,55.094,77.0203,113.66,117.176,249.254,37.346,61.959,59.1092,96.9382,58.3258,140.648,57.7997,119.119,54.9986,14.2222,106.117,83.4534,170.545,153.354,157.893,154.634,193.005,81.8776,69.3411,74.1192,54.4421,146.956,105.887,126.031,81.4436,130.816,125.648,127.635,78.5706
"PWY0-1297: superpathway of purine deoxyribonucleosides degradation",4.80517,8.14155,3.17441,2.81331,2.20508,4.31474,5.01334,3.51007,2.91129,3.40568,0.581163,3.68229,3.65456,2.83908,1.98858,0.648367,1.87727,1.34956,0,3.05802,0.884952,3.29932,5.70067,3.36231,4.19538,2.72042,0.699778,3.62212,1.25308,0,1.10865,2.0666,3.70545,1.82645,2.5488,2.28048,0,1.74395
"PWY0-1298: superpathway of pyrimidine deoxyribonucleosides degradation",1.25239,1.01316,2.46338,2.05191,0,2.29662,1.97096,1.69802,0.307927,0.565047,0,0.426302,0,1.08186,1.2513,0,1.25143,0.950399,0,0,0.650199,2.34232,3.81822,1.02459,0.700666,1.94464,0.518429,2.50573,0.999799,0,0.870878,0.681551,2.72299,1.42062,1.7914,0.337706,0,1.34175
"PWY0-1319: CDP-diacylglycerol biosynthesis II",82.2126,68.5779,49.0214,82.2914,65.5913,80.1399,84.6114,55.8936,156.374,58.3207,46.8721,125.52,71.878,97.1239,158.521,105.362,107.423,87.5111,50.0559,110.371,79.0477,84.1779,77.7876,143.203,147.957,125.485,74.6524,56.8835,110.362,135.246,103.926,81.9473,107.638,74.7422,71.0379,86.1427,75.8548,72.4677
"PWY0-1479: tRNA processing",5.11596,17.6337,3.44603,3.43712,0,2.00955,6.12146,6.79521,2.36447,16.0803,57.4539,36.5388,34.1724,43.6185,47.2194,32.1164,13.0242,38.2615,43.1739,25.9539,18.7768,12.5937,11.7467,2.16537,0.855398,7.36731,27.6169,19.6359,23.2434,0.662862,2.86384,15.6611,10.0836,14.9236,13.8704,16.2293,1.99415,0.845751
"PWY0-1586: peptidoglycan maturation (meso-diaminopimelate containing)",9.76017,11.8118,13.9814,7.15362,4.19465,7.61666,4.04945,12.5933,4.41813,14.6514,47.0797,171.411,68.9087,52.0899,110.574,4.86624,4.23209,10.1377,4.22183,5.28379,9.12404,2.81356,7.30068,4.04077,6.5576,14.3445,9.68142,4.865,5.52392,6.52102,9.20516,6.38449,6.94451,4.18286,5.14755,4.55963,6.19236,10.3797
"PWY0-162: superpathway of pyrimidine ribonucleotides de novo biosynthesis",7.9985,39.5044,4.60102,7.10415,0,4.25634,6.4732,12.3811,4.45455,32.218,106.417,212.828,118.715,98.1439,167.92,33.0168,11.5327,37.2657,55.8082,35.1339,15.8949,15.8626,25.8629,1.8235,0.897242,20.1518,34.6678,23.789,37.4499,1.99764,4.28046,19.9984,10.9123,22.7276,10.5083,29.258,5.30043,0.577558
"PWY0-166: superpathway of pyrimidine deoxyribonucleotides de novo biosynthesis (E. coli)",38.8096,49.062,39.2575,45.7752,22.4395,45.1211,60.3638,31.5065,73.2624,44.5594,87.6323,138.528,90.3137,76.2291,109.949,95.1542,59.5487,75.276,61.7157,71.8812,78.1772,64.1278,45.9146,78.0115,64.5981,44.3647,76.0786,48.5728,95.9256,34.5986,50.9562,38.8649,64.1569,46.1621,63.0256,64.5977,65.6519,42.8786
"PWY0-42: 2-methylcitrate cycle I",0.64515,0.357468,0,0.95643,0,0,0.938839,0,0,1.4794,0.584448,1.14085,2.17778,0.561826,0.380444,0,0,0,0,0,0,0,0,0,0.222016,0,0,0,0.741387,0.652611,1.49476,1.20379,0,0,0.553952,1.65947,0.602264,0.754675
"PWY0-781: aspartate superpathway",6.83155,6.88217,3.60204,5.43677,0,3.22506,6.36773,4.54989,4.47259,3.71602,2.1969,0,4.7592,0,4.0632,0,0,0.784427,0,0,0,0,3.43492,0,6.03492,0.959528,10.3497,6.29892,5.7905,2.2572,4.59898,0,2.4098,4.90003,8.20417,0,2.24677,4.24728
"PWY0-845: superpathway of pyridoxal 5'-phosphate biosynthesis and salvage",2.15337,17.4725,1.62909,4.18568,0,4.53412,7.12337,22.2446,5.05982,23.4583,43.2477,168.932,81.1242,56.7715,133.601,13.3395,3.13638,18.5057,6.49406,2.26736,0,0,0,0,3.08612,2.51037,0,5.08597,1.85687,3.94443,4.54519,3.98741,3.01328,6.49609,2.58116,5.33016,5.70182,6.72685
"PWY0-862: (5Z)-dodec-5-enoate biosynthesis",29.0717,9.38554,11.9846,32.7353,0,11.5789,17.4004,9.47575,13.9471,33.9784,5.96707,8.52547,14.3732,8.13726,4.57047,0,0,0,7.5752,0,0,0,0.664661,0,9.12514,15.1289,12.8217,6.55271,14.3317,11.513,17.2027,10.4274,6.8675,10.422,13.7369,12.3486,9.74182,11.3301
"PWY4FS-7: phosphatidylglycerol biosynthesis I (plastidic)",7.32593,9.28613,5.69237,6.20744,0,4.90132,4.09859,2.90586,0,7.83349,16.3411,6.81201,8.14311,10.7713,11.9381,1.85461,8.93229,8.66116,0,11.0772,17.978,12.5816,6.86961,2.45097,1.96639,9.57202,7.84417,17.7487,13.1356,0,5.27762,16.3335,14.9895,7.95642,11.1403,13.3652,0.872288,4.22562
"PWY4FS-8: phosphatidylglycerol biosynthesis II (non-plastidic)",7.32593,9.28613,5.69237,6.20744,0,4.90132,4.09859,2.90586,0,7.83349,16.3411,6.81201,8.14311,10.7713,11.9381,1.85461,8.93229,8.66116,0,11.0772,17.978,12.5816,6.86961,2.45097,1.96639,9.57202,7.84417,17.7487,13.1356,0,5.27762,16.3335,14.9895,7.95642,11.1403,13.3652,0.872288,4.22562
"PWY4LZ-257: superpathway of fermentation (Chlamydomonas reinhardtii)",2.69904,4.98357,2.35468,2.07465,0.893958,2.82084,3.51969,2.52948,2.12036,2.38493,0,0,0,0,0,0.475266,1.42912,1.01649,0,2.19258,0.707243,2.46718,0.972085,2.47042,2.87396,2.09423,0.555535,2.48367,0.959466,0,0.892899,1.52588,2.51051,1.44617,1.81715,1.61765,0,1.33066
"PWY66-389: phytol degradation",3.04298,2.17053,3.00886,3.3801,0,2.40779,3.75661,4.11187,3.05484,8.74434,3.62436,4.10328,3.16477,2.45842,2.38781,0,0,0,0,0,0,0,0,0,1.32776,4.00929,2.34599,6.80163,4.31671,4.44549,5.81301,2.49628,1.14192,1.88047,3.02443,4.46382,4.77309,3.92497
"PWY66-399: gluconeogenesis III",11.1952,12.0617,3.03205,6.108,1.88293,5.39807,10.3893,4.68691,1.99162,14.1947,31.34,35.2947,36.0742,41.8017,50.191,14.9819,4.99676,12.7282,0,18.4254,16.9567,3.67533,12.1014,0.990474,7.93242,15.2994,0.986639,10.6908,9.23943,10.2445,1.01326,4.1758,1.89904,3.20921,14.0516,16.3879,12.8112,5.03052
"PWY66-400: glycolysis VI (metazoan)",8.9288,9.92076,2.38197,4.39648,1.95556,3.82372,8.14192,3.23332,1.32611,15.7381,39.9404,27.4284,42.1142,39.7998,43.5704,38.8982,3.4871,67.4616,51.3192,22.1192,13.9913,2.71532,8.7209,0.635,5.55056,13.7032,0.648609,18.4973,11.555,15.1923,0.645649,2.9601,1.23243,2.47681,24.1712,17.7127,15.8082,3.92197
"PWY66-409: superpathway of purine nucleotide salvage",3.77042,1.3292,8.12494,2.18726,0,2.21386,0,0,1.96896,3.63376,1.72226,0,0,0,0,0,2.11513,0,0,0,0,0,0,0,0,0,0,0,0,0,0,0,1.10084,0,0,0,0,0
"PWY66-422: D-galactose degradation V (Leloir pathway)",65.3935,56.8806,58.2086,62.0403,41.1119,73.7597,92.9295,48.7175,121.645,34.8674,25.1399,30.2145,32.5178,33.886,43.1943,39.9889,74.4123,34.9872,16.0144,56.8712,39.6476,86.9009,63.8631,86.147,61.5831,71.626,44.1911,49.8807,29.448,20.1652,67.2587,60.2137,64.1673,56.3861,67.3762,70.3771,37.1479,50.7379
"PWYG-321: mycolate biosynthesis",33.3412,11.1081,14.2312,37.6004,0,13.6066,20.1137,11.3126,16.0306,39.1006,7.1142,10.1783,16.607,9.66792,5.48197,0,0,0,9.06816,0,0,0,0.804385,0,10.7818,17.7401,15.0762,7.77939,16.6646,13.7405,19.8851,12.1923,8.19105,12.219,15.7342,14.3436,11.4545,13.3978
"PYRIDNUCSYN-PWY: NAD biosynthesis I (from aspartate)",86.075,51.4913,112.526,124.033,59.2901,68.6108,61.9545,58.0777,74.197,55.4155,56.3022,101.495,71.6875,45.3635,122.572,69.607,53.2511,24.0253,36.3126,57.2799,76.0894,49.0047,97.0711,72.8487,65.6329,74.9821,41.0314,51.8013,35.1291,46.8344,49.2118,69.5919,86.5631,76.052,33.6322,52.4338,42.7384,63.393
"PYRIDOXSYN-PWY: pyridoxal 5'-phosphate biosynthesis I",1.71405,13.6804,1.30155,3.35723,0,3.62479,5.66012,17.7634,3.96924,19.3217,36.7924,173.681,69.8187,48.6852,113.341,10.9519,2.4894,15.4777,5.28777,1.80325,0,0,2.06742,0,2.64487,2.2442,1.30705,4.03281,1.48069,3.15866,3.58707,3.16071,2.40251,5.16446,2.04355,4.22408,4.58897,5.43151
"RHAMCAT-PWY: L-rhamnose degradation I",33.2281,50.0437,45.3707,45.3461,41.425,52.3025,53.5546,36.4769,43.9592,24.0309,19.0718,91.0435,29.945,45.9315,32.9181,30.2727,38.2117,48.1886,27.0998,38.7373,23.9921,44.7467,71.5294,54.3325,67.1623,41.9851,23.9547,28.1312,17.2123,49.3839,27.7889,35.606,31.5978,31.296,10.2657,28.5645,30.8003,24.8166
"RIBOSYN2-PWY: flavin biosynthesis I (bacteria and plants)",14.6158,7.57668,6.88007,18.4301,22.7673,10.76,28.101,14.7803,3.81263,11.7883,19.8477,66.8223,26.8229,30.0769,32.8683,8.21168,8.31852,23.1621,15.8168,16.9612,8.59829,14.0289,17.0846,17.5714,12.95,20.7654,30.3572,20.0056,11.8456,12.3867,12.9362,7.56375,24.2921,8.68318,13.4676,14.8044,13.978,5.79163
"SALVADEHYPOX-PWY: adenosine nucleotides degradation II",11.4691,9.21441,9.09869,8.09515,7.11672,15.9873,12.3087,8.03917,14.5436,6.50439,3.21319,6.95852,6.74283,1.0946,6.79246,8.07436,27.6462,2.1744,0,12.6959,11.7913,17.4099,29.2882,34.6876,39.1661,17.0332,11.0898,14.8357,3.55766,0.890155,14.6454,9.89338,7.30463,10.2353,11.1613,8.91699,8.7977,6.48925
"SER-GLYSYN-PWY: superpathway of L-serine and glycine biosynthesis I",18.4893,15.923,23.4958,37.8396,6.40248,23.5508,13.6816,38.408,24.1786,24.6407,3.26388,11.321,8.28502,1.39907,7.09786,18.0135,13.9392,4.15103,6.41599,8.32141,37.5859,20.3924,33.4162,28.7613,19.6845,30.0358,24.945,22.1207,13.1972,12.1988,20.9229,25.045,29.189,31.271,12.3048,18.6647,18.5838,21.3603
"SO4ASSIM-PWY: sulfate reduction I (assimilatory)",6.87676,12.8574,2.28109,2.01399,0,0.670039,2.48914,5.70172,10.7857,7.51915,3.24984,2.83731,4.30777,7.63455,2.14796,0,0,0.193475,0,0,0,0,2.85434,3.18292,3.38491,5.78915,1.61967,5.57115,3.50148,0.995431,2.13905,4.66568,1.42199,4.63947,4.95379,0.607529,4.0101,4.03788
"SULFATE-CYS-PWY: superpathway of sulfate assimilation and cysteine biosynthesis",10.0413,12.4717,4.0192,3.99598,0,1.45178,3.76464,9.12314,15.1526,9.09079,2.86228,4.15298,3.18451,2.12768,1.76734,0,0,0,0,0,0,0,5.51466,6.36456,6.39995,9.9126,2.78185,7.90374,4.78201,1.68366,4.12403,8.41391,2.55447,7.16715,7.77136,1.29914,6.45499,5.77969
"THISYNARA-PWY: superpathway of thiamin diphosphate biosynthesis III (eukaryotes)",0.373191,1.67075,4.2858,1.98593,0,0.594903,1.00114,1.45016,0.377486,1.04492,1.23986,5.56284,4.01722,6.24338,1.39848,1.23912,0.386519,3.98245,0.602159,4.30673,3.99709,1.5298,1.65719,0,2.54279,2.64416,0.792017,2.26914,1.79722,1.57849,0.778839,1.28797,1.16609,6.88365,3.08428,0.439823,7.10123,4.12218
"THRESYN-PWY: superpathway of L-threonine biosynthesis",50.6199,36.4452,48.1793,49.3466,47.7042,50.4425,38.0842,48.4797,38.0568,60.9298,40.8354,104.91,45.5315,71.6786,76.4959,38.5609,34.8245,39.0138,50.3994,38.8926,44.7549,29.99,57.3155,88.1362,55.3304,54.3793,42.949,33.6233,42.4485,74.4676,44.8085,38.0954,48.2984,35.8744,38.327,29.8411,38.1297,45.1716
"TRNA-CHARGING-PWY: tRNA charging",440.601,397.071,485.377,469.559,306.901,392.821,376.72,441.052,381.603,393.995,305.003,333.494,277.288,275.643,313.336,379.725,331.051,291.428,431.583,348.287,411.47,401.838,433.392,448.917,376.618,345.952,337.785,352.128,352.658,303.71,352.277,357.611,396.207,418.979,332.269,347.178,373.988,359.247
"TRPSYN-PWY: L-tryptophan biosynthesis",9.96726,9.83621,5.32544,9.02244,3.10941,12.3682,10.2843,13.3568,11.9576,18.6831,12.8814,66.6161,27.0297,26.8793,27.2055,5.2626,16.504,16.6792,17.1163,9.18284,8.65228,2.6172,7.92308,6.1704,22.8007,18.7469,14.0183,7.15511,5.38864,37.1652,12.0979,11.7137,14.6809,10.5517,12.317,7.01517,9.95644,7.21012
"UDPNAGSYN-PWY: UDP-N-acetyl-D-glucosamine biosynthesis I",8.1753,4.59304,12.1154,12.7888,7.37623,6.88517,10.8107,4.79916,5.26938,7.86126,21.9638,13.0489,15.047,9.64026,13.9992,2.83321,1.49958,9.48613,4.19126,4.03555,10.6479,5.62339,13.0993,6.18708,9.05347,14.0106,12.6925,13.1941,9.62446,16.4413,26.4216,9.14345,10.5426,13.7131,17.2239,8.74901,20.0376,20.3517
"VALSYN-PWY: L-valine biosynthesis",343.501,393.423,235.501,288.5,200.221,346.076,410.793,287.256,535.28,214.474,189.274,359.029,257.811,238.341,381.476,275.54,418.497,230.891,158.285,387.949,282.596,519.388,342.762,527.03,465.58,347.244,250.445,291.048,282.314,244.815,380.383,356.917,286.934,293.345,295.732,344.546,312.78,250.499
